n,pi,E_mod
32,9,8.024
33,10,8.094
34,9,8.276
35,10,8.336
36,9,8.389
37,9,8.802
38,12,8.979
39,11,9.037
40,12,9.204
41,11,9.498
43,12,10.087
44,11,10.155
45,13,10.332
47,13,10.923
48,15,10.994
51,15,11.300
52,16,11.466
53,12,11.752
54,13,11.814
57,17,12.197
58,13,12.355
59,16,12.734
60,16,12.899
62,17,13.460
63,15,13.524
64,14,13.691
65,16,13.751
66,15,13.912
67,15,14.292
68,17,14.354
70,21,14.574
71,15,14.949
73,17,15.499
74,17,15.566
75,18,15.631
76,22,15.796
78,18,16.022
79,23,16.395
81,20,16.624
82,19,16.787
83,20,17.058
86,21,17.451
87,22,17.612
88,18,17.773
90,20,18.102
91,20,18.262
92,19,18.422
93,23,18.580
94,21,18.738
95,21,18.796
96,21,18.853
97,22,19.207
98,23,19.266
99,21,19.322
100,23,19.474
101,22,19.826
102,20,19.982
103,21,20.338
104,21,20.498
105,21,20.560
106,24,20.717
108,23,21.235
109,24,21.597
110,24,21.763
111,27,21.829
112,25,21.991
113,24,22.256
114,25,22.323
116,23,22.551
117,29,22.711
120,29,22.995
121,28,23.150
123,30,23.458
124,25,23.612
125,27,23.670
126,29,23.821
130,28,24.529
131,28,24.779
132,28,24.933
134,31,25.145
135,30,25.203
138,27,25.750
139,33,26.091
141,33,26.212
142,29,26.362
144,32,26.662
146,34,26.869
147,30,27.016
148,33,27.163
150,32,27.646
151,33,27.983
153,30,28.195
154,35,28.346
155,30,28.404
158,31,28.853
159,30,29.002
160,33,29.150
161,32,29.298
162,32,29.445
163,36,29.777
165,30,29.986
166,33,30.134
167,33,30.466
168,31,30.526
169,38,30.675
170,33,30.824
171,33,30.973
173,33,31.362
175,36,31.570
176,39,31.628
179,40,32.159
180,36,32.307
181,39,32.637
182,34,32.787
183,40,32.846
185,39,33.143
186,36,33.201
187,34,33.348
189,39,33.551
190,34,33.696
191,40,33.932
192,37,34.078
193,41,34.404
196,37,34.756
197,38,35.083
198,37,35.143
199,39,35.470
202,42,35.829
203,39,35.977
204,44,36.037
205,40,36.184
206,44,36.330
209,38,36.681
210,38,36.739
211,42,37.060
212,38,37.206
214,38,37.497
215,40,37.555
217,42,37.755
218,43,37.898
220,44,38.096
221,43,38.151
222,41,38.292
223,46,38.607
224,39,38.663
226,45,38.945
227,44,39.260
229,41,39.633
230,45,39.690
231,41,39.747
233,48,40.118
234,41,40.261
235,41,40.404
236,46,40.546
237,45,40.688
238,49,40.830
239,43,41.059
240,47,41.202
241,44,41.519
242,42,41.663
243,50,41.721
245,42,41.922
246,46,42.065
248,46,42.349
249,43,42.405
250,45,42.546
251,45,42.774
252,49,42.915
255,47,43.254
256,53,43.394
258,48,43.848
259,51,43.989
260,48,44.046
262,46,44.242
264,50,44.693
265,47,44.834
266,50,44.975
267,51,45.116
268,53,45.256
270,46,45.624
271,48,45.936
272,51,46.079
273,48,46.137
274,51,46.279
275,49,46.420
277,50,46.874
278,56,46.932
280,49,47.216
282,53,47.586
283,49,47.899
284,59,47.959
285,49,48.018
286,54,48.161
287,50,48.303
288,49,48.362
290,53,48.645
291,52,48.786
292,51,48.927
293,51,49.154
295,54,49.437
298,57,49.777
299,56,49.834
300,56,49.891
301,52,50.030
303,58,50.225
304,57,50.364
305,56,50.502
307,58,50.861
308,58,50.917
309,55,50.973
311,52,51.414
312,55,51.552
314,59,51.997
315,55,52.054
317,54,52.498
318,60,52.639
319,60,52.779
322,57,53.031
323,58,53.088
324,55,53.225
326,64,53.419
328,60,53.692
329,55,53.747
330,62,53.802
332,57,54.239
333,57,54.375
334,59,54.511
336,66,54.702
338,56,55.057
340,66,55.330
342,57,55.520
343,61,55.655
345,60,55.844
346,61,55.978
347,64,56.275
348,61,56.411
349,62,56.709
351,63,56.900
352,60,57.036
353,61,57.335
354,61,57.391
355,59,57.527
357,62,57.799
358,66,57.934
359,67,58.152
361,61,58.425
362,59,58.561
363,59,58.616
364,67,58.752
366,63,58.942
367,60,59.239
368,64,59.374
369,74,59.429
370,62,59.565
371,60,59.619
372,61,59.754
373,63,60.050
374,65,60.185
375,67,60.240
376,67,60.375
380,63,60.915
381,64,61.049
382,67,61.184
383,65,61.479
385,64,61.670
386,73,61.725
387,66,61.859
388,65,61.993
389,74,62.288
390,66,62.423
391,64,62.558
392,64,62.693
393,65,62.748
394,67,62.882
396,70,63.151
399,68,63.635
400,69,63.769
401,66,64.064
403,74,64.334
404,67,64.390
405,66,64.445
408,74,64.847
411,67,65.251
412,75,65.384
414,74,65.493
415,71,65.626
417,71,65.891
419,77,66.236
420,74,66.369
422,77,66.795
423,76,66.928
424,75,67.062
426,73,67.250
427,72,67.383
428,73,67.437
429,68,67.491
430,78,67.623
431,73,67.834
432,78,67.966
434,70,68.390
435,78,68.524
437,74,68.790
438,71,68.844
439,75,69.134
441,76,69.244
442,71,69.376
444,77,69.721
445,74,69.854
446,72,69.987
449,77,70.542
450,74,70.675
452,75,70.942
453,76,70.997
454,74,71.129
455,78,71.184
456,80,71.316
457,77,71.605
458,82,71.738
459,76,71.793
462,73,72.348
463,74,72.639
464,73,72.694
466,78,72.962
467,79,73.252
468,84,73.308
469,74,73.442
470,77,73.498
472,82,73.765
473,75,73.820
474,81,73.953
476,76,74.140
477,77,74.272
478,84,74.405
479,91,74.693
484,83,75.279
486,78,75.465
488,82,75.808
489,81,75.940
490,79,76.072
491,85,76.282
493,79,76.547
494,85,76.680
495,80,76.734
496,85,76.866
497,77,76.998
498,88,77.052
499,80,77.339
501,89,77.603
502,78,77.735
503,81,78.023
505,88,78.210
507,80,78.397
508,86,78.529
509,80,78.739
510,80,78.794
513,89,79.189
515,85,79.375
516,83,79.429
517,96,79.560
518,83,79.691
519,82,79.744
520,84,79.875
521,89,80.159
524,91,80.630
525,88,80.685
527,83,80.947
529,86,81.208
530,94,81.262
531,83,81.316
533,96,81.576
535,85,81.758
537,93,82.017
538,85,82.146
539,89,82.275
542,86,82.816
544,91,82.999
547,84,83.386
548,92,83.439
550,97,83.696
551,90,83.749
552,96,83.878
553,89,84.006
555,88,84.186
556,86,84.314
557,86,84.594
558,86,84.647
559,90,84.775
560,95,84.903
562,95,85.083
563,89,85.362
564,98,85.415
565,98,85.543
566,88,85.671
567,91,85.798
569,93,86.206
570,96,86.334
572,98,86.743
573,87,86.872
574,92,87.001
575,93,87.054
577,93,87.387
578,93,87.515
580,97,87.773
581,95,87.825
583,91,88.082
584,92,88.210
585,93,88.262
586,90,88.390
587,92,88.669
588,95,88.797
589,96,88.926
591,96,89.106
592,93,89.234
593,98,89.438
594,93,89.566
595,103,89.694
598,99,90.002
601,105,90.612
602,93,90.741
603,93,90.869
604,95,90.998
605,103,91.126
606,93,91.179
610,99,91.768
612,109,91.949
613,96,92.227
615,98,92.334
616,94,92.461
617,93,92.740
618,96,92.793
619,99,93.072
620,99,93.201
621,94,93.330
623,96,93.587
624,105,93.640
625,98,93.768
626,110,93.896
627,101,94.024
628,98,94.152
630,100,94.333
631,100,94.611
632,97,94.739
634,98,94.995
635,99,95.123
638,105,95.432
639,101,95.485
640,102,95.612
641,105,95.815
643,103,96.220
644,105,96.273
646,104,96.454
647,105,96.732
648,100,96.785
650,106,96.966
651,103,97.019
654,98,97.476
655,108,97.603
656,104,97.731
657,111,97.858
658,105,97.985
659,112,98.188
660,99,98.241
663,108,98.699
664,104,98.827
665,112,98.954
666,112,99.082
670,109,99.591
671,109,99.718
674,106,100.249
676,101,100.504
677,105,100.781
680,105,101.091
681,119,101.218
683,103,101.548
684,111,101.676
685,111,101.804
686,112,101.858
688,111,102.113
689,119,102.240
691,112,102.569
692,105,102.697
693,106,102.825
694,111,102.952
695,105,103.080
697,109,103.334
698,112,103.462
699,112,103.515
700,108,103.642
701,104,103.918
702,106,104.045
703,118,104.173
705,106,104.353
706,115,104.480
707,116,104.607
710,117,105.137
711,108,105.191
713,106,105.371
714,110,105.424
716,116,105.604
718,119,105.857
719,118,106.057
720,110,106.184
721,109,106.310
722,117,106.437
724,113,106.616
725,119,106.668
727,108,106.994
728,111,107.120
729,111,107.173
730,110,107.298
732,125,107.550
735,111,108.002
736,114,108.128
738,109,108.380
740,114,108.706
741,113,108.759
742,117,108.884
744,115,109.137
746,117,109.315
748,129,109.566
750,112,109.744
751,118,110.016
754,115,110.393
755,119,110.445
756,124,110.571
758,114,110.968
759,119,111.094
760,114,111.220
762,122,111.545
763,116,111.671
764,113,111.797
765,118,111.850
766,133,111.975
769,115,112.498
770,119,112.624
771,121,112.677
772,115,112.803
773,114,113.075
774,115,113.128
775,117,113.254
776,115,113.306
777,124,113.432
779,120,113.610
780,124,113.735
782,118,113.986
783,117,114.038
784,124,114.163
785,131,114.215
787,117,114.610
789,117,114.788
790,119,114.912
794,122,115.338
795,120,115.462
796,121,115.587
797,124,115.857
800,118,116.085
802,125,116.334
803,122,116.385
804,123,116.437
805,122,116.561
807,124,116.736
808,119,116.859
809,119,117.055
810,122,117.107
812,131,117.499
814,125,117.674
815,127,117.798
818,123,118.096
819,128,118.220
820,119,118.343
821,124,118.611
822,120,118.734
823,121,119.003
824,135,119.127
825,120,119.251
826,122,119.375
827,121,119.644
828,125,119.696
829,127,119.965
830,122,120.090
832,131,120.266
833,122,120.319
834,128,120.370
837,122,120.742
838,129,120.866
839,133,121.134
840,128,121.258
841,128,121.383
842,131,121.507
843,126,121.631
844,123,121.755
846,122,121.930
848,127,122.106
849,135,122.157
850,130,122.280
851,124,122.404
852,129,122.527
853,125,122.794
854,125,122.846
855,128,122.969
856,127,123.093
857,135,123.360
858,124,123.484
859,130,123.752
861,124,123.856
865,131,124.496
866,128,124.548
867,126,124.672
868,139,124.795
871,136,125.094
872,137,125.218
874,139,125.393
875,131,125.516
876,131,125.567
877,132,125.834
878,127,125.957
879,132,126.009
881,131,126.399
882,131,126.522
883,134,126.790
884,127,126.914
885,133,127.037
886,130,127.161
887,137,127.429
889,134,127.605
890,135,127.729
891,134,127.781
892,136,127.905
894,146,128.009
897,144,128.379
899,136,128.625
900,137,128.677
901,130,128.799
903,138,129.045
905,144,129.219
906,137,129.342
907,139,129.607
908,140,129.730
909,137,129.853
911,140,130.171
912,140,130.294
914,135,130.540
915,132,130.591
917,140,130.837
918,140,130.959
920,135,131.348
921,138,131.471
922,135,131.594
924,132,131.768
925,145,131.891
927,142,132.136
928,142,132.259
930,141,132.576
931,143,132.699
932,143,132.821
935,148,133.047
937,144,133.362
938,144,133.414
941,140,133.852
942,142,133.974
944,141,134.148
945,139,134.270
946,139,134.392
947,142,134.657
949,135,134.902
951,144,135.076
952,152,135.198
953,156,135.391
957,142,135.810
958,141,135.932
959,139,136.054
960,144,136.176
961,154,136.298
962,138,136.420
963,137,136.542
964,137,136.664
965,138,136.715
966,147,136.766
969,139,137.273
970,146,137.395
971,148,137.659
974,141,137.955
975,143,138.006
976,140,138.128
979,141,138.635
980,148,138.757
981,148,138.879
983,141,139.265
984,143,139.388
985,154,139.510
987,150,139.683
990,142,139.978
992,143,140.364
994,143,140.537
995,148,140.659
997,148,140.974
998,151,141.025
1000,152,141.198
1001,153,141.249
1003,158,141.492
1004,153,141.614
1006,150,141.786
1007,149,141.907
1009,151,142.220
1010,150,142.342
1012,153,142.584
1013,147,142.776
1014,148,142.827
1016,158,143.070
1017,148,143.191
1018,144,143.313
1020,155,143.626
1021,149,143.889
1023,145,144.132
1024,149,144.254
1026,148,144.427
1028,149,144.669
1031,160,145.104
1033,149,145.488
1034,154,145.540
1036,154,145.783
1037,148,145.905
1038,147,146.026
1039,160,146.289
1040,149,146.341
1042,152,146.514
1044,159,146.616
1045,164,146.737
1046,155,146.859
1047,147,146.980
1048,150,147.101
1049,150,147.293
1050,150,147.414
1051,161,147.676
1052,162,147.798
1054,169,148.041
1057,152,148.265
1058,158,148.386
1060,153,148.628
1061,152,148.890
1062,159,149.011
1063,155,149.273
1064,157,149.325
1065,154,149.377
1067,150,149.619
1069,151,149.932
1070,150,149.984
1072,164,150.157
1073,154,150.278
1075,168,150.520
1076,152,150.571
1077,162,150.692
1078,172,150.813
1080,157,150.985
1081,158,151.106
1083,154,151.347
1084,158,151.468
1085,164,151.589
1086,167,151.709
1087,154,151.970
1088,165,152.091
1089,157,152.142
1090,154,152.262
1091,161,152.523
1092,153,152.644
1094,157,153.026
1095,158,153.148
1098,155,153.652
1100,165,153.895
1101,165,153.946
1102,158,154.067
1103,162,154.259
1104,155,154.380
1107,157,154.675
1108,159,154.796
1109,164,155.057
1112,165,155.352
1113,157,155.473
1115,160,155.715
1116,169,155.837
1117,171,156.098
1120,159,156.322
1121,177,156.374
1122,158,156.495
1123,162,156.756
1124,161,156.877
1125,165,156.929
1126,161,157.050
1127,174,157.171
1131,159,157.796
1132,166,157.917
1133,164,157.969
1134,173,158.020
1135,160,158.141
1138,169,158.434
1140,165,158.606
1141,168,158.727
1144,165,159.019
1147,166,159.310
1148,162,159.361
1149,171,159.481
1150,168,159.601
1151,164,159.860
1153,161,160.240
1154,163,160.291
1156,164,160.462
1157,174,160.583
1158,166,160.703
1159,161,160.823
1162,172,161.184
1164,178,161.563
1166,168,161.735
1167,169,161.855
1169,172,162.026
1170,169,162.076
1172,165,162.455
1173,179,162.506
1174,171,162.626
1176,163,162.797
1177,168,162.917
1178,164,162.967
1180,173,163.206
1181,181,163.465
1182,180,163.585
1183,166,163.704
1186,169,163.995
1187,171,164.253
1188,177,164.304
1193,178,164.902
1194,179,164.953
1196,180,165.123
1197,180,165.242
1198,169,165.362
1199,171,165.412
1200,166,165.531
1202,176,165.908
1203,169,166.028
1204,167,166.147
1205,171,166.198
1206,182,166.317
1208,173,166.487
1209,173,166.606
1210,179,166.725
1213,179,167.151
1215,180,167.390
1216,181,167.509
1217,174,167.766
1219,169,167.936
1220,186,167.986
1221,171,168.105
1222,180,168.224
1225,178,168.651
1226,190,168.770
1228,185,169.009
1230,172,169.316
1231,175,169.573
1234,183,169.863
1236,178,170.033
1239,179,170.460
1240,177,170.580
1241,176,170.699
1243,182,170.937
1244,179,171.057
1247,194,171.414
1248,178,171.533
1250,172,171.910
1251,187,171.960
1253,184,172.199
1254,173,172.318
1255,178,172.437
1258,179,172.794
1260,191,173.102
1262,183,173.340
1263,174,173.459
1265,190,173.629
1266,192,173.748
1267,176,173.867
1269,176,174.036
1271,175,174.205
1272,184,174.324
1273,179,174.442
1275,198,174.542
1276,176,174.661
1277,187,174.916
1278,185,174.966
1282,184,175.578
1283,176,175.834
1284,183,175.953
1285,184,176.072
1286,189,176.190
1289,185,176.616
1291,199,176.991
1294,191,177.348
1295,190,177.399
1296,179,177.450
1298,189,177.825
1300,184,178.063
1301,179,178.320
1302,187,178.439
1303,191,178.696
1304,193,178.747
1306,183,178.986
1307,187,179.242
1309,185,179.413
1310,186,179.464
1313,188,179.823
1314,184,179.942
1316,186,180.112
1317,184,180.231
1318,185,180.351
1321,196,180.983
1322,196,181.103
1323,195,181.154
1328,188,181.820
1329,189,181.871
1330,185,181.991
1331,185,182.042
1332,185,182.161
1333,189,182.281
1334,189,182.400
1335,187,182.451
1336,188,182.570
1338,195,182.740
1339,191,182.859
1340,183,182.978
1341,201,183.028
1343,185,183.198
1344,188,183.248
1345,193,183.367
1347,189,183.536
1349,188,183.704
1350,203,183.823
1351,193,183.941
1352,193,184.059
1353,186,184.109
1354,187,184.227
1357,197,184.445
1358,190,184.563
1359,192,184.612
1360,192,184.730
1361,192,184.984
1362,193,185.102
1363,189,185.219
1365,204,185.319
1366,199,185.437
1368,186,185.808
1369,194,185.926
1370,190,185.976
1371,197,186.093
1373,197,186.464
1374,198,186.514
1375,193,186.632
1377,194,186.800
1380,188,187.152
1381,202,187.406
1382,199,187.523
1383,192,187.573
1384,203,187.691
1387,199,188.043
1388,202,188.093
1389,196,188.211
1392,200,188.563
1393,192,188.680
1394,204,188.730
1395,199,188.779
1397,201,189.013
1398,191,189.062
1400,196,189.364
1402,192,189.531
1406,198,189.998
1407,196,190.115
1408,200,190.232
1409,191,190.416
1410,192,190.533
1411,204,190.650
1412,196,190.767
1413,207,190.884
1415,202,191.117
1416,203,191.166
1417,201,191.283
1419,209,191.449
1420,194,191.565
1421,200,191.614
1423,195,191.982
1424,201,192.098
1425,207,192.148
1426,193,192.264
1429,201,192.816
1430,194,192.866
1434,209,193.468
1435,198,193.584
1436,210,193.701
1438,204,193.935
1441,196,194.353
1443,195,194.519
1444,207,194.636
1445,199,194.753
1446,201,194.870
1448,201,195.171
1449,206,195.288
1450,201,195.404
1451,202,195.589
1452,202,195.706
1454,209,196.007
1456,199,196.241
1458,210,196.408
1459,199,196.660
1460,197,196.777
1461,207,196.894
1463,203,197.061
1464,210,197.177
1465,201,197.294
1467,207,197.528
1468,216,197.645
1469,205,197.694
1470,206,197.811
1472,204,198.179
1473,201,198.296
1475,215,198.530
1478,201,198.746
1479,210,198.862
1480,202,198.979
1481,200,199.163
1484,212,199.581
1485,208,199.630
1486,217,199.747
1488,202,200.115
1491,206,200.601
1492,219,200.718
1493,201,200.970
1494,206,201.087
1495,206,201.204
1496,202,201.322
1498,205,201.556
1499,208,201.741
1501,217,201.908
1502,223,202.025
1503,205,202.143
1504,212,202.260
1505,206,202.310
1506,217,202.427
1507,219,202.544
1509,203,202.710
1512,208,203.129
1513,208,203.246
1514,204,203.363
1515,211,203.479
1516,218,203.596
1517,205,203.713
1519,219,203.880
1525,223,204.580
1527,217,204.814
1528,209,204.930
1529,206,205.047
1530,209,205.096
1532,209,205.464
1533,208,205.514
1534,206,205.630
1535,219,205.747
1536,209,205.863
1537,220,205.980
1538,212,206.097
1540,213,206.263
1542,209,206.428
1543,219,206.679
1544,207,206.728
1545,227,206.845
1548,231,207.194
1550,218,207.561
1553,218,208.044
1554,222,208.094
1556,213,208.327
1557,210,208.444
1560,217,208.794
1562,222,209.027
1563,223,209.143
1565,215,209.376
1566,217,209.493
1567,215,209.743
1568,220,209.793
1569,218,209.910
1573,214,210.510
1576,223,210.860
1577,216,210.977
1579,216,211.344
1580,216,211.461
1581,223,211.511
1582,217,211.627
1584,220,211.861
1585,221,211.978
1588,237,212.328
1590,233,212.495
1593,219,212.777
1595,217,212.943
1596,216,213.060
1597,219,213.310
1598,215,213.426
1600,225,213.659
1602,222,213.959
1603,227,214.075
1604,216,214.125
1605,230,214.242
1606,231,214.358
1607,217,214.608
1609,215,214.908
1610,222,214.958
1611,217,215.075
1616,231,215.725
1617,228,215.842
1619,224,216.209
1621,224,216.576
1622,236,216.693
1625,231,216.978
1626,226,217.028
1627,224,217.278
1629,233,217.379
1630,228,217.496
1632,235,217.729
1635,233,218.013
1636,220,218.129
1638,229,218.496
1639,224,218.613
1640,226,218.730
1641,227,218.847
1642,224,218.963
1644,229,219.197
1645,229,219.314
1646,221,219.430
1647,224,219.547
1648,241,219.664
1652,227,219.996
1655,238,220.279
1656,224,220.328
1657,221,220.578
1658,223,220.694
1660,224,220.860
1661,238,220.910
1662,224,221.026
1663,228,221.276
1664,224,221.325
1665,222,221.375
1667,226,221.741
1668,224,221.857
1671,228,222.273
1673,234,222.440
1674,239,222.556
1675,224,222.672
1676,246,222.788
1677,230,222.905
1678,229,223.021
1679,236,223.071
1680,228,223.120
1682,234,223.353
1683,248,223.469
1684,235,223.585
1687,234,223.799
1689,233,224.031
1691,225,224.262
1692,236,224.378
1697,234,225.090
1698,228,225.206
1699,228,225.454
1702,230,225.803
1704,232,225.968
1705,237,226.084
1708,244,226.365
1711,236,226.846
1713,246,227.077
1717,241,227.475
1720,235,227.822
1721,240,228.070
1722,237,228.186
1724,232,228.484
1726,241,228.716
1727,245,228.832
1730,233,229.047
1731,238,229.097
1732,238,229.213
1734,234,229.444
1735,242,229.560
1737,230,229.791
1739,242,230.022
1741,234,230.386
1744,243,230.733
1747,237,231.147
1749,240,231.312
1751,238,231.543
1752,244,231.659
1753,252,231.907
1754,233,232.023
1755,237,232.073
1757,257,232.304
1758,242,232.354
1761,252,232.833
1762,239,232.949
1763,243,232.999
1765,255,233.164
1768,236,233.444
1769,241,233.494
1770,237,233.543
1774,243,233.938
1775,251,234.053
1776,245,234.169
1779,253,234.514
1780,240,234.629
1781,236,234.745
1782,238,234.860
1784,245,235.222
1785,249,235.271
1786,239,235.386
1787,242,235.634
1788,252,235.749
1789,250,235.996
1791,246,236.095
1792,239,236.211
1793,249,236.326
1795,241,236.557
1796,244,236.606
1797,238,236.721
1798,248,236.836
1799,251,236.952
1801,243,237.314
1802,241,237.429
1805,257,237.709
1807,250,237.873
1809,246,238.037
1810,247,238.152
1812,241,238.448
1813,251,238.563
1815,246,238.728
1817,242,238.958
1818,246,239.007
1819,255,239.122
1822,244,239.400
1823,247,239.646
1824,241,239.761
1827,257,240.106
1828,241,240.221
1834,272,240.975
1835,253,241.024
1837,258,241.188
1839,248,241.352
1840,250,241.466
1842,253,241.695
1843,245,241.810
1844,258,241.924
1846,259,242.087
1847,250,242.333
1850,248,242.545
1851,250,242.660
1852,251,242.774
1853,252,242.889
1854,250,242.937
1855,257,243.052
1857,255,243.280
1862,247,243.916
1863,248,243.965
1868,257,244.601
1869,245,244.650
1871,253,245.009
1873,250,245.369
1874,258,245.483
1876,246,245.712
1879,260,246.318
1880,251,246.367
1883,255,246.646
1885,257,246.809
1886,251,246.924
1888,267,247.153
1889,250,247.333
1892,252,247.676
1893,257,247.791
1894,254,247.905
1896,264,248.069
1897,256,248.183
1898,253,248.232
1899,274,248.346
1900,261,248.460
1901,256,248.640
1902,249,248.755
1903,272,248.869
1905,261,249.097
1908,252,249.571
1911,250,249.784
1912,266,249.898
1914,255,250.258
1915,253,250.372
1916,259,250.421
1917,275,250.535
1920,252,250.878
1921,255,250.992
1922,270,251.106
1923,261,251.155
1924,257,251.270
1926,252,251.367
1928,263,251.595
1929,257,251.709
1930,271,251.823
1931,271,252.002
1932,253,252.116
1936,278,252.703
1937,257,252.817
1940,257,253.029
1942,254,253.257
1943,258,253.371
1944,260,253.419
1945,265,253.533
1948,271,253.874
1949,256,254.119
1950,266,254.233
1952,256,254.591
1953,282,254.640
1954,263,254.754
1955,268,254.803
1959,265,255.128
1960,264,255.241
1961,264,255.290
1963,259,255.517
1964,260,255.566
1965,261,255.614
1968,259,255.954
1969,262,256.068
1971,266,256.229
1972,266,256.343
1973,280,256.521
1976,271,256.861
1977,265,256.974
1978,261,257.088
1979,260,257.331
1980,263,257.444
1981,266,257.558
1982,267,257.671
1984,262,257.833
1985,271,257.946
1986,263,258.060
1987,273,258.303
1992,267,258.870
1993,266,259.114
1994,268,259.162
1998,271,259.746
2000,267,260.039
2001,267,260.087
2002,265,260.201
2003,264,260.380
2005,274,260.607
2006,264,260.656
2007,265,260.770
2008,275,260.883
2009,273,260.932
2010,273,260.980
2011,276,261.224
2014,265,261.499
2015,267,261.613
2018,277,262.083
2019,276,262.197
2021,278,262.424
2023,271,262.651
2024,264,262.700
2026,275,262.862
2027,274,263.105
2030,266,263.511
2031,268,263.625
2034,268,263.965
2035,271,264.079
2037,272,264.241
2038,277,264.354
2039,271,264.533
2040,289,264.646
2044,275,265.100
2045,287,265.149
2046,275,265.198
2049,277,265.473
2050,277,265.586
2051,267,265.699
2054,274,266.169
2055,268,266.217
2057,271,266.444
2059,285,266.670
2061,284,266.896
2062,275,267.010
2064,274,267.236
2066,269,267.398
2068,272,267.624
2071,275,268.028
2073,281,268.254
2074,274,268.367
2075,272,268.481
2076,282,268.529
2080,282,268.851
2082,277,269.207
2083,271,269.449
2085,272,269.675
2086,272,269.789
2088,276,270.080
2090,283,270.436
2091,282,270.549
2092,276,270.662
2093,276,270.776
2095,280,271.002
2098,284,271.342
2100,294,271.634
2101,274,271.747
2102,288,271.860
2103,279,271.973
2104,291,272.087
2106,293,272.249
2107,294,272.362
2109,279,272.459
2111,285,272.814
2113,284,273.170
2115,283,273.267
2116,278,273.380
2117,287,273.493
2118,287,273.607
2120,275,273.768
2121,274,273.817
2122,289,273.930
2125,275,274.269
2127,277,274.430
2130,279,274.768
2133,295,275.236
2134,277,275.349
2136,294,275.446
2137,286,275.688
2139,283,275.914
2140,283,276.027
2142,282,276.318
2143,292,276.560
2145,278,276.722
2146,296,276.835
2147,282,276.948
2149,280,277.110
2150,295,277.223
2153,279,277.691
2154,278,277.804
2155,286,277.917
2158,284,278.256
2159,285,278.369
2160,289,278.482
2161,283,278.724
2162,281,278.837
2163,297,278.886
2164,302,278.999
2166,283,279.225
2167,289,279.338
2168,288,279.387
2171,291,279.661
2172,287,279.774
2175,307,280.048
2176,286,280.161
2178,282,280.322
2181,290,280.725
2183,284,280.950
2185,294,281.176
2186,288,281.224
2189,287,281.562
2190,287,281.674
2191,303,281.787
2193,284,282.012
2194,285,282.124
2195,294,282.173
2198,296,282.446
2199,309,282.558
2201,284,282.782
2202,297,282.895
2204,291,283.184
2205,288,283.296
2206,294,283.409
2207,288,283.650
2209,296,283.874
2210,294,283.923
2211,300,283.971
2212,301,284.083
2213,313,284.324
2215,293,284.549
2216,285,284.661
2218,298,284.886
2220,293,285.047
2222,288,285.400
2223,301,285.448
2225,289,285.609
2227,303,285.834
2228,303,285.882
2230,294,286.106
2231,294,286.154
2232,298,286.266
2233,302,286.378
2236,293,286.715
2240,296,287.356
2241,291,287.404
2242,293,287.516
2243,290,287.757
2245,292,287.982
2247,289,288.142
2248,308,288.254
2251,298,288.719
2253,294,288.880
2254,299,288.992
2255,290,289.105
2256,301,289.153
2260,301,289.473
2263,313,289.745
2265,307,289.969
2267,303,290.321
2269,296,290.673
2271,302,290.897
2273,292,291.186
2274,298,291.234
2277,292,291.570
2278,292,291.682
2279,296,291.795
2280,305,291.843
2281,313,292.083
2283,305,292.243
2284,300,292.355
2285,296,292.467
2287,295,292.820
2288,300,292.932
2289,305,293.044
2290,301,293.156
2291,312,293.204
2293,296,293.557
2294,300,293.669
2295,301,293.717
2296,297,293.829
2297,296,294.070
2299,299,294.230
2300,312,294.342
2302,303,294.503
2303,301,294.615
2305,300,294.839
2307,302,295.063
2308,302,295.175
2309,305,295.415
2310,298,295.464
2311,299,295.704
2314,299,296.041
2315,304,296.153
2316,298,296.265
2318,321,296.425
2319,307,296.474
2320,297,296.586
2321,305,296.634
2323,304,296.858
2326,310,297.066
2328,315,297.226
2329,305,297.337
2331,306,297.497
2333,298,297.848
2334,320,297.960
2336,310,298.120
2337,303,298.231
2339,304,298.519
2341,306,298.870
2342,299,298.982
2343,303,299.094
2344,303,299.206
2345,306,299.254
2346,310,299.365
2348,312,299.717
2352,332,300.229
2355,301,300.564
2357,307,300.916
2359,322,301.140
2360,311,301.188
2362,318,301.349
2363,310,301.460
2365,307,301.620
2366,307,301.668
2368,319,301.892
2372,313,302.467
2373,314,302.578
2377,307,303.089
2379,311,303.249
2381,311,303.601
2382,304,303.713
2384,311,304.064
2385,320,304.176
2386,316,304.288
2387,320,304.400
2390,326,304.864
2391,315,304.912
2393,306,305.200
2395,307,305.361
2396,309,305.409
2397,314,305.521
2398,315,305.633
2402,319,306.082
2406,315,306.466
2407,307,306.578
2409,328,306.738
2410,308,306.849
2412,310,307.201
2414,319,307.424
2417,318,307.824
2418,320,307.936
2419,309,308.048
2423,312,308.623
2424,309,308.735
2425,343,308.847
2426,310,308.959
2427,321,309.071
2429,312,309.295
2430,317,309.343
2431,334,309.455
2432,316,309.567
2433,323,309.679
2434,310,309.791
2435,320,309.839
2436,314,309.951
2437,317,310.190
2438,312,310.238
2441,314,310.701
2442,314,310.813
2444,314,310.974
2446,337,311.197
2449,323,311.661
2450,321,311.773
2451,328,311.821
2452,314,311.933
2454,339,312.093
2455,320,312.205
2457,322,312.429
2459,319,312.716
2460,323,312.828
2464,326,313.275
2467,336,313.611
2469,328,313.771
2470,323,313.882
2471,316,313.931
2472,317,314.042
2475,322,314.441
2477,325,314.792
2479,329,314.952
2480,318,315.064
2482,319,315.287
2483,332,315.336
2485,319,315.496
2487,319,315.655
2489,333,315.878
2490,322,315.990
2491,320,316.102
2494,331,316.373
2495,320,316.484
2496,321,316.532
2498,317,316.755
2499,319,316.803
2500,328,316.914
2501,322,316.962
2502,333,317.073
2504,321,317.359
2506,343,317.518
2507,321,317.629
2508,321,317.741
2509,342,317.852
2510,336,317.900
2513,336,318.169
2514,324,318.280
2515,332,318.392
2518,325,318.724
2521,328,319.121
2528,325,319.834
2529,322,319.882
2530,332,319.993
2531,324,320.230
2533,331,320.452
2534,326,320.563
2538,325,320.943
2539,329,321.181
2540,333,321.229
2542,329,321.450
2545,324,321.847
2546,323,321.958
2547,326,322.068
2548,323,322.179
2549,336,322.354
2551,333,322.639
2552,327,322.750
2555,342,323.020
2557,326,323.305
2558,332,323.416
2561,344,323.686
2562,324,323.797
2563,327,323.908
2565,354,324.130
2566,327,324.241
2568,326,324.462
2569,329,324.573
2570,327,324.684
2571,346,324.795
2572,333,324.906
2574,329,325.064
2576,330,325.223
2577,333,325.334
2581,329,325.903
2582,330,326.014
2584,331,326.172
2586,339,326.330
2587,334,326.441
2588,331,326.552
2589,337,326.599
2590,333,326.710
2591,338,326.946
2592,338,327.057
2593,328,327.294
2594,330,327.342
2597,339,327.674
2598,334,327.722
2599,349,327.832
2607,342,328.654
2608,343,328.764
2609,340,329.001
2611,342,329.222
2613,334,329.380
2614,333,329.491
2615,333,329.539
2617,333,329.823
2618,346,329.870
2619,356,329.981
2620,337,330.091
2623,349,330.549
2625,342,330.770
2628,337,331.101
2630,348,331.259
2633,352,331.717
2634,337,331.827
2635,343,331.938
2636,357,331.985
2638,343,332.206
2639,333,332.254
2640,343,332.301
2643,340,332.632
2644,337,332.742
2648,335,333.247
2649,345,333.357
2650,337,333.467
2651,355,333.515
2652,349,333.625
2653,345,333.735
2654,347,333.783
2655,334,333.893
2656,341,334.003
2659,346,334.586
2660,343,334.696
2661,338,334.743
2662,355,334.854
2664,354,335.200
2665,348,335.311
2667,340,335.469
2672,348,336.146
2673,340,336.194
2674,338,336.304
2675,341,336.352
2677,353,336.698
2679,348,336.919
2681,349,337.140
2683,350,337.487
2685,345,337.708
2687,347,338.055
2689,341,338.402
2690,349,338.450
2691,342,338.560
2692,348,338.671
2694,343,338.955
2695,350,339.066
2696,342,339.114
2697,345,339.224
2699,349,339.509
2700,343,339.619
2702,341,339.841
2704,352,339.999
2706,342,340.157
2710,350,340.600
2711,347,340.836
2712,342,340.947
2713,344,341.183
2714,348,341.294
2715,358,341.342
2716,343,341.453
2719,342,341.848
2720,345,341.896
2722,354,342.054
2723,349,342.165
2724,343,342.213
2725,347,342.323
2726,355,342.434
2728,356,342.655
2729,354,342.891
2734,367,343.571
2738,349,343.888
2739,344,343.936
2741,367,344.220
2744,361,344.551
2745,346,344.662
2746,358,344.773
2747,360,344.883
2748,347,344.994
2749,350,345.230
2751,352,345.326
2754,356,345.720
2755,357,345.831
2756,354,345.942
2757,365,346.052
2758,355,346.163
2761,390,346.369
2765,362,346.685
2766,348,346.796
2767,352,347.031
2769,358,347.252
2772,356,347.584
2773,357,347.694
2774,358,347.804
2776,350,348.025
2777,355,348.261
2778,361,348.309
2782,351,348.688
2784,359,348.846
2788,352,349.224
2789,361,349.460
2792,356,349.854
2793,364,349.964
2795,368,350.122
2799,373,350.689
2800,371,350.799
2802,353,351.146
2803,360,351.382
2805,366,351.603
2806,357,351.713
2807,364,351.824
2808,355,351.935
2809,354,352.045
2812,362,352.314
2814,358,352.535
2816,357,352.756
2818,370,352.977
2821,362,353.308
2823,363,353.467
2824,365,353.577
2825,365,353.625
2827,357,353.783
2829,363,353.878
2832,372,354.209
2835,361,354.602
2836,355,354.712
2837,360,354.947
2838,372,355.058
2839,365,355.168
2840,360,355.278
2843,357,355.671
2847,363,355.987
2848,362,356.098
2849,360,356.208
2850,393,356.255
2854,358,356.821
2855,371,356.869
2856,361,356.979
2857,366,357.215
2859,358,357.373
2860,380,357.483
2863,360,357.939
2864,373,358.049
2865,365,358.159
2868,363,358.428
2869,374,358.538
2870,369,358.585
2871,359,358.633
2875,364,359.011
2876,365,359.121
2877,367,359.231
2878,368,359.341
2881,373,359.796
2882,361,359.906
2883,361,360.016
2884,367,360.126
2885,361,360.236
2887,363,360.581
2888,375,360.692
2889,383,360.739
2892,369,361.007
2894,371,361.227
2895,371,361.275
2896,362,361.385
2900,383,361.887
2903,367,362.280
2907,372,362.657
2908,373,362.767
2910,374,363.050
2911,364,363.160
2912,388,363.270
2914,371,363.427
2916,370,363.647
2917,377,363.882
2918,364,363.992
2919,383,364.040
2921,371,364.197
2922,378,364.307
2924,392,364.465
2927,383,364.856
2928,393,364.904
2929,366,365.014
2932,370,365.281
2933,366,365.328
2934,383,365.376
2936,366,365.595
2938,380,365.815
2939,366,365.987
2941,389,366.144
2942,382,366.253
2944,381,366.473
2946,372,366.692
2947,375,366.801
2948,372,366.849
2949,376,366.958
2950,369,367.068
2951,378,367.115
2952,375,367.225
2953,375,367.459
2954,376,367.568
2956,373,367.787
2959,393,368.241
2960,374,368.350
2961,380,368.398
2963,403,368.679
2968,380,369.227
2970,391,369.509
2974,383,370.072
2978,388,370.449
2981,372,370.778
2982,387,370.888
2984,382,371.107
2985,381,371.217
2986,372,371.326
2987,396,371.436
2989,384,371.655
2991,378,371.812
2996,379,372.297
2997,394,372.406
2998,380,372.516
2999,381,372.750
3003,390,373.250
3005,374,373.407
3006,375,373.517
3007,395,373.626
3011,388,374.188
3013,385,374.407
3014,388,374.455
3016,379,374.674
3022,396,375.331
3023,392,375.503
3027,382,375.878
3029,390,376.097
3030,381,376.207
3031,383,376.316
3032,390,376.426
3034,380,376.582
3035,385,376.692
3036,395,376.739
3037,390,376.973
3039,384,377.129
3041,402,377.472
3042,382,377.582
3044,390,377.739
3046,384,377.895
3048,381,378.114
3049,401,378.347
3051,389,378.504
3053,381,378.723
3055,391,378.942
3057,404,379.098
3059,392,379.317
3063,389,379.816
3065,385,379.972
3066,381,380.020
3069,384,380.472
3072,388,380.737
3073,386,380.847
3077,404,381.221
3080,386,381.673
3082,393,381.829
3083,396,382.062
3085,385,382.281
3087,405,382.438
3088,383,382.547
3089,385,382.780
3091,397,382.999
3093,395,383.217
3094,391,383.326
3095,416,383.436
3096,393,383.545
3097,389,383.654
3100,386,383.858
3102,397,384.014
3104,385,384.232
3105,401,384.279
3106,387,384.388
3108,389,384.545
3109,400,384.777
3111,390,384.933
3112,392,385.042
3115,398,385.308
3118,392,385.634
3119,403,385.867
3120,392,385.976
3121,396,386.209
3126,388,386.692
3128,397,386.848
3129,387,386.957
3130,401,387.066
3131,395,387.113
3133,413,387.331
3135,390,387.425
3136,388,387.534
3139,393,387.922
3140,399,388.031
3145,406,388.513
3151,414,389.042
3156,392,389.523
3158,400,389.679
3161,399,389.942
3163,393,390.283
3164,391,390.330
3165,409,390.438
3167,397,390.778
3168,392,390.825
3169,408,391.057
3170,403,391.166
3171,393,391.213
3174,405,391.538
3175,401,391.647
3177,396,391.802
3179,408,391.957
3180,396,392.004
3181,399,392.236
3184,424,392.500
3187,395,392.887
3189,397,393.042
3193,397,393.599
3194,402,393.646
3197,417,393.971
3198,405,394.018
3199,399,394.126
3201,397,394.343
3202,401,394.451
3203,408,394.683
3204,409,394.791
3205,407,394.900
3207,398,395.117
3210,405,395.503
3212,408,395.720
3213,405,395.767
3214,400,395.876
3215,418,395.984
3218,412,396.432
3220,407,396.649
3222,413,396.989
3223,400,397.098
3224,412,397.145
3226,402,397.300
3227,410,397.409
3229,412,397.749
3231,408,397.966
3233,414,398.183
3235,416,398.338
3236,403,398.385
3238,418,398.602
3240,404,398.757
3241,404,398.865
3242,405,398.973
3245,405,399.237
3246,400,399.345
3247,423,399.453
3248,401,399.561
3249,402,399.669
3250,416,399.778
3253,402,400.349
3254,412,400.457
3257,401,400.905
3259,420,401.245
3261,402,401.401
3262,413,401.509
3264,405,401.665
3266,429,401.881
3267,413,401.990
3268,407,402.098
3269,404,402.207
3270,405,402.315
3271,415,402.547
3272,409,402.655
3273,424,402.702
3275,403,402.857
3277,407,403.012
3278,409,403.121
3282,408,403.492
3283,406,403.601
3285,404,403.694
3286,418,403.802
3288,414,403.957
3291,421,404.220
3292,430,404.328
3293,411,404.436
3295,409,404.652
3296,418,404.760
3299,410,405.145
3301,431,405.484
3304,424,405.747
3305,419,405.855
3307,415,406.194
3308,430,406.302
3310,417,406.457
3311,413,406.565
3313,416,406.904
3315,416,407.121
3316,410,407.229
3321,409,407.831
3322,411,407.939
3323,421,408.170
3324,417,408.279
3325,423,408.387
3326,409,408.434
3327,415,408.542
3328,421,408.650
3330,425,408.867
3331,424,409.098
3333,427,409.314
3338,434,409.794
3340,415,409.949
3341,418,410.057
3342,420,410.165
3343,422,410.396
3345,422,410.490
3346,415,410.598
3349,421,411.046
3352,416,411.247
3353,420,411.356
3354,428,411.402
3357,416,411.727
3359,414,412.004
3360,435,412.112
3363,425,412.560
3364,416,412.668
3365,431,412.776
3368,426,412.978
3372,419,413.533
3375,438,413.980
3376,417,414.088
3379,430,414.413
3382,431,414.615
3384,443,414.831
3385,424,414.939
3386,425,415.047
3387,422,415.155
3389,419,415.433
3390,418,415.480
3391,428,415.710
3394,429,416.035
3395,434,416.082
3397,440,416.237
3398,420,416.345
3400,427,416.561
3403,425,416.824
3406,440,417.147
3407,443,417.378
3408,442,417.486
3409,427,417.594
3412,436,417.857
3413,434,418.026
3414,422,418.073
3418,422,418.444
3419,427,418.551
3420,444,418.598
3423,423,418.922
3425,435,419.138
3427,436,419.353
3432,463,419.770
3433,425,420.000
3434,421,420.046
3435,437,420.093
3437,433,420.309
3443,438,420.893
3444,438,421.001
3446,450,421.216
3449,431,421.600
3451,423,421.816
3452,428,421.923
3453,457,421.970
3455,430,422.124
3456,433,422.231
3457,438,422.461
3458,432,422.508
3460,425,422.723
3461,441,422.953
3465,426,423.506
3466,441,423.614
3469,434,424.182
3470,425,424.289
3472,452,424.505
3474,429,424.599
3479,438,425.077
3480,437,425.123
3483,439,425.385
3484,447,425.493
3485,426,425.539
3488,431,425.801
3490,444,426.016
3494,449,426.507
3496,437,426.661
3497,442,426.769
3501,437,427.199
3503,441,427.414
3505,439,427.629
3506,434,427.675
3507,439,427.783
3508,462,427.890
3509,429,427.937
3514,439,428.535
3515,446,428.642
3516,486,428.749
3518,443,429.086
3520,444,429.240
3521,433,429.287
3522,455,429.394
3524,432,429.609
3527,442,430.053
3528,431,430.099
3529,431,430.329
3531,434,430.544
3532,437,430.651
3533,434,430.880
3536,437,431.142
3537,448,431.250
3538,458,431.357
3541,442,431.863
3542,433,431.970
3546,444,432.401
3547,439,432.630
3548,433,432.738
3549,436,432.846
3550,448,432.953
3552,435,433.108
3553,450,433.215
3556,442,433.477
3560,465,434.090
3563,446,434.352
3565,458,434.507
3566,454,434.614
3568,456,434.829
3569,448,434.937
3571,439,435.274
3572,445,435.382
3573,441,435.489
3574,443,435.597
3576,438,435.751
3577,442,435.859
3579,437,436.013
3581,453,436.350
3582,437,436.457
3584,453,436.794
3586,450,437.010
3587,446,437.117
3590,454,437.379
3594,447,437.871
3598,449,438.240
3604,457,438.824
3605,453,438.871
3606,442,438.918
3607,446,439.147
3608,451,439.254
3610,441,439.408
3612,454,439.623
3615,444,440.007
3619,447,440.498
3620,451,440.605
3622,451,440.759
3623,450,440.928
3624,450,441.035
3629,455,441.512
3630,444,441.619
3631,452,441.848
3632,451,441.956
3633,449,442.063
3635,444,442.278
3636,446,442.386
3637,444,442.615
3639,449,442.830
3642,452,443.092
3643,450,443.321
3644,452,443.429
3646,459,443.644
3647,452,443.751
3648,452,443.798
3649,455,443.906
3651,462,444.121
3654,453,444.321
3655,455,444.429
3657,460,444.644
3660,456,445.027
3665,469,445.503
3668,456,445.764
3671,451,446.208
3673,458,446.544
3674,448,446.591
3676,457,446.745
3682,454,447.511
3683,452,447.619
3685,448,447.773
3686,459,447.880
3688,477,448.095
3689,453,448.202
3691,450,448.538
3692,454,448.646
3693,449,448.753
3695,469,448.968
3696,452,449.015
3697,461,449.244
3699,462,449.459
3701,451,449.795
3703,462,450.010
3707,452,450.379
3708,482,450.426
3712,480,450.977
3713,476,451.085
3715,457,451.300
3716,452,451.347
3717,456,451.454
3720,480,451.898
3721,467,452.005
3724,469,452.328
3725,454,452.374
3726,464,452.482
3727,457,452.711
3728,470,452.758
3729,457,452.804
3730,466,452.912
3741,460,454.215
3742,461,454.323
3744,465,454.416
3745,470,454.524
3747,458,454.738
3749,462,454.892
3751,469,455.107
3752,480,455.214
3756,480,455.583
3758,465,455.736
3760,464,455.951
3762,461,456.226
3769,463,457.098
3770,471,457.144
3772,466,457.359
3773,462,457.406
3774,462,457.452
3775,461,457.559
3776,466,457.667
3778,486,457.881
3779,462,458.049
3782,463,458.310
3783,480,458.417
3785,472,458.631
3786,463,458.678
3788,508,458.831
3789,459,458.938
3791,471,459.092
3792,478,459.199
3793,466,459.427
3794,464,459.473
3796,460,459.627
3798,463,459.962
3800,463,460.176
3801,462,460.223
3802,471,460.330
3804,463,460.605
3805,475,460.712
3811,475,461.293
3813,466,461.507
3815,470,461.721
3817,475,461.935
3818,482,462.042
3820,472,462.195
3824,464,462.744
3829,477,463.279
3830,465,463.386
3831,494,463.493
3834,471,463.875
3835,467,463.982
3837,476,464.135
3840,469,464.395
3841,471,464.502
3842,468,464.609
3843,499,464.655
3845,475,464.809
3847,481,465.143
3850,469,465.403
3851,466,465.571
3852,502,465.677
3854,470,466.012
3856,471,466.226
3858,471,466.379
3859,470,466.486
3862,469,466.746
3865,485,467.128
3866,494,467.234
3869,468,467.555
3871,474,467.708
3873,472,467.922
3875,480,468.135
3876,484,468.182
3878,476,468.456
3879,476,468.502
3881,474,468.836
3884,480,469.157
3885,474,469.264
3887,475,469.477
3888,471,469.584
3890,477,469.918
3893,484,470.239
3894,502,470.285
3899,476,470.759
3900,474,470.866
3902,490,471.079
3904,483,471.292
3906,486,471.506
3907,477,471.733
3908,478,471.780
3909,473,471.886
3911,476,472.160
3913,491,472.374
3916,476,472.634
3917,481,472.861
3918,481,472.968
3919,475,473.195
3922,475,473.456
3926,490,473.943
3929,480,474.385
3931,485,474.719
3932,477,474.826
3933,482,474.873
3935,482,475.087
3936,480,475.133
3937,490,475.240
3938,491,475.287
3939,480,475.333
3940,476,475.440
3941,491,475.487
3943,483,475.821
3944,497,475.928
3948,504,476.476
3950,486,476.629
3951,482,476.736
3953,491,476.890
3956,484,477.210
3957,492,477.317
3962,483,477.790
3963,486,477.837
3966,481,478.097
3967,486,478.324
3970,485,478.584
3972,487,478.797
3975,483,478.997
3978,489,479.316
3979,487,479.423
3980,486,479.529
3981,512,479.576
3982,491,479.682
3984,496,479.895
3987,485,480.215
3990,502,480.655
3991,490,480.761
3995,495,481.187
3996,483,481.234
3998,487,481.447
3999,490,481.553
4002,491,481.993
4003,496,482.220
4008,508,482.693
4009,501,482.799
4012,490,483.119
4014,484,483.453
4015,494,483.559
4017,503,483.773
4023,487,484.593
4024,491,484.700
4025,504,484.807
4026,496,484.853
4029,503,485.234
4032,494,485.554
4033,495,485.661
4035,491,485.814
4036,496,485.920
4037,493,486.027
4043,497,486.546
4045,491,486.699
4046,489,486.745
4047,490,486.852
4048,487,486.958
4049,492,487.185
4051,492,487.458
4052,516,487.565
4053,489,487.671
4057,501,488.158
4058,491,488.204
4059,491,488.311
4060,508,488.417
4061,495,488.464
4064,492,488.783
4066,501,488.996
4072,506,489.635
4073,502,489.801
4074,497,489.908
4075,497,490.014
4076,505,490.121
4078,500,490.334
4079,498,490.561
4080,502,490.607
4082,493,490.820
4085,498,491.019
4087,495,491.232
4088,492,491.338
4089,495,491.385
4090,506,491.491
4091,502,491.718
4093,506,492.051
4095,500,492.204
4097,510,492.416
4098,504,492.523
4100,514,492.856
4103,497,493.176
4106,502,493.435
4107,505,493.541
4110,499,493.741
4111,509,493.967
4114,498,494.286
4116,511,494.379
4117,529,494.485
4118,498,494.532
4120,509,494.744
4122,509,494.897
4123,497,495.003
4124,506,495.109
4125,499,495.216
4126,508,495.322
4130,516,495.988
4131,505,496.034
4132,501,496.140
4134,508,496.413
4137,505,496.672
4146,501,497.570
4149,510,497.828
4150,505,497.935
4151,514,498.041
4154,508,498.480
4156,500,498.632
4157,506,498.859
4158,514,498.905
4159,510,499.131
4161,533,499.344
4162,520,499.450
4164,513,499.603
4168,509,500.028
4170,501,500.241
4171,526,500.347
4172,522,500.453
4175,501,500.772
4176,513,500.818
4179,516,501.257
4180,529,501.364
4181,503,501.410
4182,513,501.516
4183,533,501.622
4186,506,501.881
4188,515,502.033
4189,515,502.140
4191,525,502.352
4193,510,502.504
4196,504,502.762
4197,503,502.868
4198,512,502.974
4199,522,503.081
4203,508,503.625
4205,514,503.837
4206,515,503.943
4207,509,504.049
4209,513,504.201
4216,522,504.883
4217,539,505.109
4219,508,505.441
4226,542,506.064
4227,509,506.170
4230,515,506.548
4233,521,506.926
4235,537,507.138
4236,523,507.245
4237,519,507.351
4238,527,507.457
4239,512,507.563
4240,522,507.669
4242,513,508.001
4246,509,508.545
4249,527,508.864
4253,524,509.348
4254,526,509.454
4257,511,509.713
4259,521,510.045
4265,514,510.682
4268,525,510.941
4269,523,510.987
4270,547,511.094
4273,534,511.592
4275,527,511.804
4276,512,511.910
4278,533,512.123
4279,518,512.229
4280,522,512.335
4285,518,512.926
4287,516,513.079
4289,527,513.411
4290,523,513.457
4291,522,513.563
4293,524,513.776
4294,530,513.882
4296,523,514.094
4304,529,514.884
4305,516,514.990
4307,526,515.203
4309,532,515.415
4310,516,515.521
4311,529,515.567
4313,517,515.719
4314,518,515.766
4315,526,515.872
4316,517,515.978
4318,545,516.190
4319,520,516.296
4320,524,516.342
4323,524,516.600
4325,531,516.812
4327,537,517.143
4328,544,517.249
4330,525,517.461
4331,526,517.507
4332,525,517.613
4334,532,517.765
4338,536,518.248
4341,542,518.626
4343,534,518.838
4349,520,519.413
4350,540,519.519
4351,538,519.625
4352,520,519.731
4353,521,519.777
4354,524,519.883
4357,547,520.260
4360,532,520.518
4362,546,520.729
4364,523,521.060
4367,524,521.318
4368,537,521.364
4372,546,521.728
4374,529,521.999
4375,527,522.105
4376,533,522.151
4380,525,522.514
4381,540,522.620
4385,524,523.043
4387,528,523.254
4388,529,523.360
4390,526,523.511
4392,529,523.782
4393,546,523.888
4394,527,523.993
4395,535,524.099
4399,548,524.641
4400,530,524.747
4402,548,524.898
4403,535,524.945
4405,544,525.156
4406,544,525.261
4408,540,525.473
4409,538,525.638
4413,543,526.001
4415,529,526.152
4417,529,526.363
4423,530,527.116
4426,541,527.373
4427,545,527.478
4429,547,527.689
4430,532,527.735
4434,544,528.038
4437,543,528.355
4438,538,528.460
4439,540,528.565
4442,532,529.001
4443,546,529.047
4445,533,529.258
4446,536,529.304
4448,558,529.634
4449,536,529.739
4450,541,529.844
4452,540,530.175
4454,537,530.386
4455,541,530.491
4459,549,531.032
4461,537,531.184
4462,544,531.289
4463,548,531.514
4465,533,531.666
4467,554,531.817
4469,536,532.028
4470,539,532.074
4471,539,532.180
4474,533,532.496
4475,555,532.542
4476,536,532.647
4477,537,532.753
4479,537,532.964
4480,546,533.069
4482,542,533.339
4483,541,533.564
4486,537,533.761
4488,549,533.972
4490,549,534.183
4491,553,534.288
4492,538,534.394
4494,543,534.724
4498,553,535.146
4501,541,535.343
4503,549,535.494
4506,550,535.691
4507,546,535.915
4510,547,536.231
4511,541,536.337
4512,555,536.442
4519,541,537.477
4522,546,537.674
4524,549,537.945
4526,546,538.156
4528,539,538.367
4529,569,538.413
4532,544,538.729
4533,541,538.775
4534,541,538.880
4535,551,538.985
4537,564,539.196
4541,570,539.617
4544,554,539.933
4546,568,540.084
4547,567,540.309
4548,550,540.414
4549,557,540.638
4550,551,540.743
4552,550,540.895
4555,555,541.151
4559,556,541.572
4565,570,542.264
4567,563,542.534
4568,543,542.580
4569,553,542.685
4573,551,543.106
4574,546,543.212
4577,549,543.468
4580,568,543.665
4581,550,543.770
4583,560,544.099
4584,558,544.204
4586,552,544.355
4588,557,544.566
4589,552,544.671
4593,557,545.092
4595,572,545.302
4597,553,545.631
4598,550,545.736
4601,568,545.933
4603,554,546.262
4610,566,546.880
4611,559,546.985
4612,570,547.090
4613,564,547.136
4614,549,547.241
4616,554,547.451
4619,566,547.707
4622,556,548.081
4623,553,548.187
4624,562,548.292
4627,558,548.607
4630,562,548.862
4631,563,548.967
4632,576,549.072
4633,550,549.177
4634,565,549.282
4640,552,550.031
4641,555,550.077
4643,559,550.405
4645,566,550.616
4646,558,550.661
4648,582,550.871
4650,560,551.200
4653,559,551.634
4655,573,551.785
4657,562,552.114
4658,564,552.219
4660,555,552.370
4662,562,552.521
4663,563,552.745
4665,565,552.955
4666,565,553.060
4667,557,553.165
4671,576,553.408
4673,554,553.737
4674,560,553.783
4676,568,553.993
4678,561,554.203
4680,560,554.532
4681,570,554.637
4682,558,554.742
4683,588,554.847
4684,576,554.952
4690,568,555.464
4691,564,555.688
4692,557,555.793
4693,571,555.898
4694,559,556.003
4695,585,556.049
4702,566,556.665
4704,559,556.994
4705,561,557.099
4708,563,557.354
4709,563,557.400
4718,563,558.108
4719,565,558.153
4721,564,558.481
4722,570,558.586
4723,561,558.809
4724,586,558.914
4727,560,559.229
4729,560,559.557
4732,569,559.753
4734,561,560.022
4739,563,560.428
4741,584,560.638
4743,562,560.848
4744,562,560.953
4745,567,560.998
4746,565,561.103
4747,563,561.208
4748,582,561.253
4750,582,561.463
4752,579,561.791
4756,597,562.151
4760,576,562.629
4762,566,562.838
4763,589,562.943
4764,572,563.048
4765,565,563.153
4767,570,563.303
4768,569,563.408
4770,568,563.558
4772,565,563.767
4778,565,564.277
4779,597,564.382
4780,569,564.486
4781,567,564.591
4784,579,565.023
4786,574,565.232
4787,568,565.455
4790,566,565.887
4792,571,566.096
4795,572,566.470
4796,602,566.575
4797,570,566.679
4798,575,566.784
4801,575,567.276
4803,584,567.485
4807,579,567.846
4809,568,567.996
4810,574,568.101
4812,590,568.251
4813,593,568.474
4816,574,568.670
4818,585,568.998
4822,578,569.358
4823,575,569.463
4824,598,569.509
4827,589,569.823
4829,578,570.032
4832,601,570.405
4834,588,570.615
4839,572,571.020
4841,589,571.229
4843,586,571.438
4844,589,571.484
4845,578,571.589
4850,585,572.052
4851,586,572.157
4852,573,572.261
4854,574,572.470
4855,576,572.575
4857,602,572.784
4859,575,572.934
4860,587,572.979
4863,580,573.411
4864,595,573.515
4865,581,573.620
4873,576,574.396
4875,577,574.546
4876,588,574.651
4878,575,574.977
4880,601,575.186
4885,588,575.590
4887,593,575.799
4888,578,575.904
4889,607,576.126
4891,582,576.276
4892,578,576.380
4897,582,576.784
4898,591,576.888
4899,600,576.993
4902,587,577.247
4904,594,577.573
4906,587,577.723
4910,591,578.199
4912,600,578.407
4913,584,578.512
4914,598,578.557
4915,599,578.661
4917,590,578.811
4918,587,578.915
4920,582,579.183
4921,587,579.287
4922,601,579.391
4924,590,579.600
4926,581,579.749
4927,612,579.853
4928,580,579.899
4929,587,579.944
4930,585,580.048
4934,585,580.701
4935,588,580.746
4937,585,581.072
4938,587,581.176
4939,588,581.281
4940,585,581.385
4947,598,582.115
4948,593,582.219
4950,592,582.369
4952,590,582.695
4953,584,582.741
4954,602,582.845
4957,596,583.275
4962,612,583.738
4965,592,583.933
4966,600,584.037
4967,599,584.259
4968,617,584.363
4970,595,584.631
4972,604,584.839
4974,593,585.107
4976,598,585.315
4977,608,585.420
4985,620,586.195
4987,596,586.462
4992,598,586.984
4995,602,587.414
4996,599,587.518
4997,616,587.623
5000,613,588.053
5001,598,588.158
5005,606,588.575
5006,592,588.679
5007,592,588.784
5008,601,588.888
5010,607,589.214
5011,619,589.437
5016,604,589.959
5018,601,590.109
5025,596,591.016
5027,604,591.225
5030,599,591.480
5031,608,591.584
5033,606,591.734
5037,608,592.093
5038,605,592.197
5039,599,592.360
5044,612,592.882
5045,612,592.928
5046,610,592.973
5052,614,593.599
5053,608,593.703
5057,616,594.062
5063,632,594.805
5064,607,594.909
5067,618,595.163
5069,605,595.313
5070,609,595.358
5071,599,595.463
5073,608,595.671
5074,612,595.775
5075,598,595.820
5076,598,595.925
5078,606,596.250
5080,619,596.400
5081,601,596.563
5083,621,596.771
5087,611,597.247
5088,602,597.292
5091,610,597.546
5092,614,597.650
5096,615,598.008
5097,614,598.112
5102,616,598.868
5107,617,599.447
5108,611,599.552
5110,611,599.760
5111,619,599.806
5114,608,600.236
5119,611,600.874
5120,615,600.978
5125,619,601.382
5126,603,601.428
5128,614,601.636
5129,602,601.682
5130,610,601.786
5131,610,601.890
5134,614,602.144
5135,603,602.189
5136,604,602.235
5137,617,602.339
5138,626,602.443
5139,631,602.547
5143,612,602.963
5144,618,603.008
5146,621,603.216
5147,617,603.437
5148,621,603.541
5151,623,603.736
5152,604,603.840
5153,619,604.061
5155,605,604.270
5156,610,604.315
5159,607,604.627
5160,615,604.672
5161,615,604.776
5163,608,604.984
5165,628,605.133
5168,636,605.445
5173,630,606.023
5175,622,606.231
5177,612,606.439
5180,615,606.810
5181,619,606.914
5183,610,607.121
5184,627,607.167
5186,608,607.375
5187,621,607.478
5189,611,607.803
5191,613,608.011
5192,635,608.115
5195,616,608.368
5196,620,608.472
5201,622,609.051
5203,630,609.258
5204,634,609.362
5205,617,609.466
5208,623,609.778
5210,634,610.103
5215,624,610.505
5217,623,610.654
5220,615,610.966
5223,621,611.277
5228,628,611.796
5230,620,611.946
5232,627,612.212
5234,623,612.536
5236,618,612.744
5237,630,612.965
5238,628,613.011
5240,623,613.218
5244,620,613.575
5245,623,613.679
5246,620,613.783
5248,623,613.991
5250,615,614.081
5251,623,614.185
5252,626,614.289
5253,660,614.393
5256,636,614.645
5259,619,614.956
5263,633,615.488
5265,636,615.579
5266,675,615.683
5267,617,615.786
5270,618,616.097
5273,619,616.525
5275,621,616.733
5278,629,617.044
5279,638,617.206
5281,629,617.531
5282,632,617.634
5283,628,617.680
5284,621,617.783
5286,628,617.991
5288,633,618.198
5292,635,618.613
5293,641,618.717
5294,633,618.762
5298,623,619.236
5299,635,619.339
5300,630,619.385
5303,623,619.754
5304,629,619.858
5305,628,619.962
5307,625,620.111
5310,641,620.539
5311,622,620.642
5312,636,620.746
5313,621,620.791
5314,634,620.895
5316,636,621.044
5318,627,621.251
5319,637,621.296
5320,624,621.400
5321,632,621.504
5328,627,622.229
5331,649,622.482
5333,637,622.747
5337,645,623.162
5338,668,623.265
5339,624,623.369
5343,634,623.725
5346,644,623.977
5349,633,624.404
5350,638,624.508
5352,631,624.832
5355,643,625.026
5359,626,625.440
5360,641,625.543
5364,630,625.841
5365,630,625.944
5368,633,626.196
5370,627,626.345
5371,637,626.448
5372,628,626.551
5375,638,626.861
5377,663,627.010
5380,649,627.320
5382,628,627.643
5383,631,627.747
5384,632,627.850
5385,630,627.895
5387,635,628.218
5388,637,628.322
5392,646,628.677
5395,645,629.045
5399,631,629.517
5403,655,629.931
5404,635,630.034
5408,648,630.564
5409,639,630.668
5411,660,630.875
5412,649,630.978
5413,633,631.198
5414,639,631.302
5417,666,631.670
5418,638,631.715
5419,645,631.936
5425,642,632.498
5427,637,632.647
5429,640,632.795
5430,643,632.841
5433,651,633.209
5434,638,633.313
5438,636,633.843
5439,636,633.946
5440,641,634.050
5442,653,634.315
5444,637,634.580
5445,640,634.626
5446,636,634.729
5447,639,634.833
5448,641,634.936
5449,650,635.156
5451,666,635.305
5452,645,635.408
5462,640,636.385
5463,663,636.488
5464,647,636.592
5465,651,636.695
5466,661,636.798
5467,638,636.902
5469,650,636.992
5471,669,637.315
5472,662,637.419
5474,664,637.567
5475,642,637.671
5476,643,637.774
5477,644,637.994
5478,656,638.039
5480,643,638.363
5482,657,638.570
5484,673,638.893
5485,644,638.997
5488,651,639.249
5489,644,639.294
5490,659,639.397
5493,644,639.649
5495,652,639.856
5496,651,639.901
5497,642,640.005
5500,642,640.315
5502,656,640.580
5504,647,640.903
5506,645,641.110
5507,666,641.330
5509,643,641.537
5512,653,641.847
5514,659,641.996
5519,643,642.629
5521,650,642.953
5524,653,643.205
5525,655,643.309
5526,656,643.412
5528,659,643.677
5529,644,643.723
5530,651,643.826
5531,660,644.046
5532,645,644.150
5533,654,644.253
5535,659,644.344
5536,677,644.447
5537,663,644.551
5539,646,644.758
5543,652,645.055
5549,658,645.617
5550,661,645.721
5552,650,645.927
5554,652,646.134
5555,656,646.237
5556,665,646.282
5558,654,646.547
5559,648,646.592
5562,650,646.902
5567,649,647.477
5569,657,647.800
5574,661,648.375
5577,650,648.686
5578,649,648.789
5579,664,648.834
5580,663,648.879
5585,657,649.454
5588,660,649.648
5589,651,649.751
5592,665,650.178
5593,682,650.281
5595,666,650.488
5597,683,650.694
5599,656,650.843
5602,657,651.152
5605,655,651.462
5607,654,651.611
5613,656,652.230
5616,655,652.539
5617,664,652.643
5618,682,652.746
5619,654,652.791
5622,662,653.042
5623,654,653.262
5625,655,653.410
5627,675,653.616
5628,658,653.661
5629,659,653.764
5636,668,654.370
5639,680,654.737
5640,660,654.840
5642,666,655.162
5643,672,655.208
5644,660,655.311
5645,666,655.414
5651,659,656.207
5652,658,656.310
5653,657,656.529
5654,670,656.632
5656,676,656.781
5663,678,657.619
5665,666,657.768
5666,707,657.871
5669,681,658.297
5670,669,658.400
5677,686,659.006
5678,663,659.110
5680,662,659.316
5682,679,659.522
5683,671,659.741
5686,663,659.993
5688,677,660.199
5691,679,660.567
5693,667,660.889
5696,680,661.141
5698,705,661.348
5701,665,661.715
5703,664,661.922
5704,664,662.025
5706,664,662.173
5707,673,662.276
5708,673,662.380
5710,676,662.586
5715,686,663.160
5717,667,663.482
5718,681,663.528
5722,676,663.882
5725,674,664.134
5726,671,664.237
5730,670,664.649
5731,666,664.753
5734,684,665.004
5735,670,665.049
5738,680,665.474
5739,671,665.577
5740,686,665.680
5741,678,665.842
5748,673,666.506
5753,687,667.079
5755,684,667.286
5757,686,667.492
5758,670,667.595
5760,676,667.743
5762,669,667.949
5765,676,668.201
5766,691,668.304
5769,692,668.613
5772,671,668.922
5774,672,669.070
5776,682,669.218
5777,684,669.321
5778,670,669.424
5781,676,669.849
5783,675,670.170
5785,678,670.376
5791,683,671.053
5792,686,671.156
5793,677,671.201
5797,672,671.555
5800,680,671.806
5801,676,672.025
5802,674,672.128
5805,680,672.437
5807,682,672.758
5809,688,672.907
5810,679,672.952
5811,690,673.055
5814,677,673.480
5815,722,673.583
5818,681,673.834
5820,694,674.040
5823,680,674.465
5824,677,674.568
5831,686,675.347
5834,680,675.656
5839,677,676.229
5848,687,677.156
5853,687,677.787
5854,678,677.890
5864,684,679.037
5865,691,679.082
5867,681,679.404
5869,699,679.727
5870,680,679.830
5871,682,679.875
5872,683,679.978
5874,689,680.184
5875,693,680.288
5878,690,680.597
5880,687,680.919
5881,683,681.138
5882,683,681.241
5885,682,681.551
5889,693,681.848
5891,686,681.997
5896,713,682.454
5898,702,682.776
5903,700,683.292
5904,706,683.395
5905,704,683.498
5907,687,683.647
5909,719,683.853
5912,699,684.104
5913,686,684.149
5921,687,684.800
5923,688,685.122
5924,691,685.225
5928,702,685.752
5929,688,685.855
5934,701,686.255
5936,691,686.461
5937,690,686.564
5938,692,686.667
5941,697,687.091
5942,698,687.194
5943,692,687.240
5948,714,687.697
5949,699,687.800
5950,693,687.903
5953,690,688.269
5954,692,688.314
5958,693,688.726
5960,708,688.932
5961,693,688.977
5962,698,689.080
5969,701,689.627
5970,708,689.672
5977,698,690.333
5978,719,690.436
5981,705,690.802
5982,712,690.905
5986,709,691.200
5987,692,691.418
5992,698,691.874
5993,698,691.919
5999,723,692.536
6000,698,692.638
6001,715,692.741
6006,707,693.139
6007,706,693.357
6008,708,693.459
6010,702,693.665
6012,695,693.986
6014,703,694.191
6018,700,694.544
6020,704,694.692
6021,727,694.736
6023,730,694.942
6024,695,694.987
6027,737,695.294
6030,711,695.717
6033,700,696.025
6035,705,696.173
6037,698,696.436
6038,708,696.538
6039,705,696.641
6040,708,696.743
6042,710,696.948
6045,708,697.372
6048,728,697.737
6049,702,697.840
6053,700,698.251
6054,716,698.295
6057,710,698.546
6062,738,699.001
6063,706,699.103
6064,702,699.206
6066,705,699.411
6067,725,699.629
6070,708,699.937
6076,711,700.552
6077,710,700.655
6078,701,700.700
6080,726,700.963
6081,711,701.007
6083,714,701.213
6085,713,701.418
6087,702,701.623
6090,725,702.046
6091,730,702.264
6092,730,702.366
6093,713,702.469
6094,707,702.571
6097,703,702.879
6099,704,703.027
6105,713,703.642
6108,705,703.950
6111,716,704.258
6114,731,704.623
6115,710,704.726
6120,707,705.123
6121,718,705.341
6122,719,705.444
6123,710,705.546
6124,725,705.649
6126,728,705.739
6127,716,705.841
6131,721,706.309
6133,716,706.629
6135,716,706.776
6137,738,706.982
6139,712,707.129
6141,711,707.276
6142,709,707.379
6143,717,707.597
6150,718,708.199
6151,718,708.417
6156,723,708.929
6158,718,709.134
6161,715,709.384
6165,725,709.852
6167,711,710.057
6168,734,710.159
6169,713,710.262
6170,739,710.364
6172,716,710.511
6173,711,710.671
6178,735,711.184
6179,727,711.286
6182,716,711.594
6184,717,711.798
6185,726,711.901
6187,727,712.048
6188,730,712.093
6190,730,712.240
6194,736,712.650
6198,732,713.116
6200,720,713.379
6205,738,713.948
6212,722,714.665
6214,715,714.870
6216,720,715.017
6219,723,715.382
6220,717,715.484
6221,742,715.702
6222,718,715.804
6223,717,715.907
6224,727,716.009
6226,723,716.156
6228,737,716.304
6232,737,716.828
6233,732,716.931
6235,726,717.135
6238,722,717.385
6239,736,717.430
6240,721,717.532
6248,729,718.293
6251,727,718.543
6252,721,718.645
6254,734,718.850
6256,723,718.997
6257,728,719.214
6259,722,719.361
6262,733,719.668
6263,732,719.828
6264,731,719.930
6267,773,720.237
6268,743,720.339
6269,737,720.499
6270,731,720.544
6272,728,720.863
6275,723,721.113
6277,746,721.375
6280,736,721.682
6283,747,721.989
6285,738,722.136
6286,731,722.238
6288,742,722.500
6291,728,722.750
6293,756,722.954
6294,745,722.999
6298,738,723.408
6300,729,723.670
6305,737,724.239
6306,727,724.284
6307,727,724.386
6317,738,725.581
6322,735,725.978
6324,737,726.240
6330,740,726.853
6332,738,727.058
6333,733,727.160
6334,739,727.262
6335,732,727.307
6337,732,727.627
6339,735,727.831
6343,735,728.355
6345,775,728.502
6346,743,728.605
6348,744,728.752
6349,745,728.854
6350,739,728.956
6352,742,729.103
6353,731,729.321
6355,738,729.525
6361,739,730.254
6362,733,730.356
6363,745,730.458
6365,741,730.663
6366,733,730.765
6371,735,731.277
6375,743,731.801
6379,757,732.268
6380,741,732.370
6381,748,732.415
6382,740,732.517
6383,741,732.620
6385,736,732.824
6386,757,732.927
6389,752,733.348
6390,735,733.393
6392,750,733.598
6399,736,734.314
6401,749,734.519
6402,735,734.621
6404,744,734.768
6410,754,735.325
6414,757,735.619
6416,751,735.823
6417,752,735.925
6420,753,736.175
6425,746,736.800
6428,750,737.164
6429,740,737.267
6436,743,737.982
6437,762,738.084
6438,744,738.186
6441,745,738.493
6445,752,738.844
6446,745,738.889
6449,742,739.253
6451,741,739.572
6453,746,739.719
6455,750,739.866
6456,744,739.968
6457,748,740.070
6461,746,740.306
6462,746,740.408
6464,746,740.613
6466,746,740.817
6467,766,740.919
6472,758,741.486
6481,747,742.520
6483,744,742.667
6484,747,742.769
6486,754,742.915
6487,757,743.018
6491,765,743.426
6492,762,743.528
6494,748,743.732
6496,767,743.936
6499,789,744.242
6501,759,744.331
6503,777,744.478
6504,755,744.523
6506,752,744.727
6508,748,744.930
6509,762,745.032
6512,749,745.338
6514,749,745.542
6516,762,745.688
6517,753,745.790
6518,748,745.835
6520,747,746.039
6523,751,746.401
6526,748,746.650
6530,769,747.172
6531,748,747.216
6534,767,747.522
6537,762,747.827
6539,758,748.031
6541,750,748.234
6542,782,748.336
6545,754,748.642
6551,752,749.310
6552,758,749.412
6556,766,749.876
6560,755,750.226
6562,762,750.430
6563,769,750.589
6564,764,750.691
6565,751,750.793
6569,776,751.314
6571,753,751.633
6573,752,751.779
6580,767,752.492
6583,771,752.855
6584,769,752.957
6589,756,753.352
6591,778,753.499
6594,776,753.747
6595,769,753.849
6597,760,754.052
6598,763,754.154
6599,764,754.370
6600,777,754.472
6606,756,755.083
6611,758,755.592
6612,756,755.694
6613,758,755.796
6615,768,755.942
6617,757,756.146
6620,777,756.508
6622,765,756.712
6624,761,756.858
6626,766,757.062
6628,786,757.265
6629,768,757.310
6630,791,757.411
6631,763,757.513
6632,764,757.615
6636,781,757.964
6643,760,758.791
6646,772,759.039
6648,774,759.185
6653,794,759.807
6654,789,759.852
6658,766,760.201
6663,764,760.881
6664,788,760.983
6666,773,761.129
6667,766,761.231
6672,776,761.625
6675,772,762.044
6676,764,762.146
6677,784,762.247
6678,766,762.349
6679,773,762.565
6681,771,762.768
6682,771,762.870
6684,785,763.016
6685,776,763.118
6686,770,763.220
6689,778,763.639
6690,785,763.683
6692,770,764.001
6694,767,764.204
6697,782,764.509
6698,769,764.554
6704,784,765.335
6709,769,765.844
6711,785,765.990
6712,813,766.092
6713,775,766.194
6716,771,766.499
6717,773,766.601
6724,791,767.370
6725,774,767.414
6726,783,767.516
6728,781,767.662
6729,783,767.764
6731,792,767.910
6732,785,768.012
6734,797,768.272
6737,772,768.691
6740,806,768.939
6741,789,769.041
6742,786,769.143
6747,772,769.594
6751,807,769.943
6753,793,770.146
6755,771,770.350
6758,775,770.597
6760,772,770.800
6763,799,771.276
6764,787,771.378
6768,786,771.727
6770,789,771.930
6772,781,772.133
6774,797,772.337
6775,775,772.438
6776,789,772.483
6781,785,773.219
6782,776,773.320
6783,779,773.365
6785,790,773.568
6787,774,773.771
6795,784,774.698
6797,784,774.901
6804,777,775.669
6806,789,775.816
6809,792,776.064
6813,789,776.413
6817,789,776.762
6819,812,776.965
6826,816,777.733
6827,782,777.948
6829,781,778.265
6833,791,778.786
6837,791,779.135
6839,790,779.281
6840,788,779.326
6843,780,779.688
6846,785,779.879
6847,790,779.980
6848,803,780.025
6851,783,780.329
6855,802,780.621
6863,809,781.547
6865,796,781.693
6866,783,781.795
6868,785,781.998
6869,797,782.213
6870,796,782.315
6875,820,782.879
6877,787,783.082
6878,787,783.127
6882,801,783.419
6883,788,783.634
6886,785,783.939
6890,804,784.288
6891,813,784.389
6894,807,784.637
6899,787,785.201
6905,799,785.753
6906,791,785.854
6914,802,786.836
6916,794,786.982
6917,805,787.198
6918,794,787.299
6919,788,787.401
6925,797,787.953
6934,801,788.808
6935,810,788.910
6937,792,789.056
6940,800,789.246
6942,806,789.392
6945,794,789.696
6947,798,790.012
6948,794,790.113
6950,794,790.373
6952,798,790.519
6953,800,790.563
6955,799,790.766
6956,798,790.810
6960,792,791.273
6961,796,791.488
6963,815,791.690
6964,799,791.792
6965,828,791.836
6970,820,792.400
6975,834,793.020
6977,806,793.337
6984,813,794.047
6986,831,794.249
6987,821,794.351
6990,806,794.655
6991,811,794.870
6995,807,795.276
6997,796,795.592
7002,797,796.100
7003,818,796.201
7006,814,796.392
7011,802,796.899
7013,820,797.215
7014,827,797.260
7018,804,797.609
7023,800,798.229
7024,810,798.331
7026,803,798.477
7027,801,798.692
7029,827,798.838
7033,803,799.244
7034,828,799.345
7036,812,799.491
7040,814,799.953
7041,811,799.998
7042,805,800.099
7043,801,800.257
7046,805,800.562
7048,805,800.764
7053,832,801.215
7057,811,801.734
7060,842,802.038
7063,835,802.342
7066,809,802.646
7068,803,802.849
7069,821,803.064
7072,812,803.311
7074,823,803.457
7076,810,803.603
7079,820,803.964
7080,812,804.065
7085,814,804.572
7086,806,804.616
7090,808,804.965
7092,825,805.167
7094,818,805.370
7101,824,806.022
7103,808,806.281
7104,808,806.382
7107,810,806.686
7108,811,806.787
7110,832,807.047
7112,812,807.249
7114,816,807.452
7116,818,807.654
7118,814,807.857
7122,831,808.318
7123,835,808.420
7124,813,808.464
7126,821,808.610
7128,820,808.926
7129,831,809.141
7131,810,809.343
7138,817,810.052
7140,825,810.198
7141,814,810.299
7146,826,810.749
7148,815,810.951
7149,830,811.052
7155,816,811.716
7157,819,811.919
7159,815,812.234
7163,825,812.469
7165,839,812.672
7166,817,812.773
7167,834,812.874
7168,831,812.975
7176,827,813.671
7177,820,813.885
7180,832,814.189
7181,841,814.290
7183,828,814.492
7186,815,814.739
7190,819,815.257
7192,818,815.459
7193,831,815.617
7195,830,815.763
7196,822,815.864
7197,834,815.965
7198,825,816.066
7199,842,816.167
7202,836,816.414
7205,835,816.604
7212,818,817.425
7214,826,817.741
7215,849,817.785
7217,828,817.987
7219,829,818.246
7223,847,818.594
7226,826,818.841
7229,821,819.257
7232,829,819.504
7233,828,819.605
7235,834,819.807
7236,825,819.908
7237,823,820.123
7239,838,820.268
7241,843,820.471
7245,825,820.932
7249,840,821.450
7251,827,821.595
7253,843,821.911
7254,840,822.012
7255,828,822.113
7260,833,822.563
7264,856,822.967
7267,831,823.214
7270,839,823.460
7274,824,823.751
7278,829,824.042
7279,833,824.143
7282,827,824.333
7283,835,824.547
7285,837,824.749
7286,844,824.850
7290,867,825.254
7294,829,825.658
7295,847,825.702
7297,853,825.961
7299,827,826.163
7300,845,826.264
7303,843,826.566
7307,832,827.083
7309,830,827.399
7317,831,827.980
7320,831,828.226
7323,835,828.642
7324,829,828.743
7325,863,828.844
7329,851,829.135
7330,831,829.236
7335,851,829.910
7338,837,830.213
7340,846,830.415
7341,858,830.459
7342,841,830.560
7345,851,830.863
7351,840,831.638
7354,857,831.941
7356,833,832.086
7358,837,832.231
7366,847,832.925
7370,844,833.329
7371,839,833.430
7377,849,833.922
7380,838,834.167
7383,854,834.413
7384,857,834.514
7388,874,834.861
7390,851,835.005
7391,865,835.050
7398,837,835.811
7400,843,836.013
7406,838,836.560
7412,881,837.221
7414,838,837.365
7417,845,837.724
7418,839,837.825
7419,843,837.925
7420,859,838.026
7421,845,838.070
7422,847,838.171
7426,842,838.517
7428,841,838.718
7431,854,839.020
7437,851,839.623
7439,847,839.768
7442,859,840.070
7445,852,840.259
7454,867,841.220
7457,849,841.634
7458,858,841.735
7461,863,842.093
7463,847,842.294
7465,861,842.439
7466,853,842.539
7467,861,842.640
7470,843,842.885
7471,856,842.986
7472,846,843.086
7481,857,844.047
7482,859,844.148
7484,847,844.292
7487,857,844.707
7488,855,844.807
7489,851,845.021
7490,857,845.121
7491,852,845.165
7492,851,845.266
7494,868,845.467
7495,860,845.567
7498,849,845.869
7500,860,846.183
7501,848,846.284
7503,858,846.485
7505,848,846.686
7506,849,846.730
7515,860,847.635
7518,871,848.050
7520,867,848.251
7523,889,848.665
7526,855,848.911
7527,857,849.011
7528,869,849.112
7529,873,849.325
7530,869,849.369
7534,871,849.772
7536,857,849.916
7542,874,850.633
7545,876,850.878
7549,867,851.506
7554,865,851.896
7555,870,851.997
7557,883,852.198
7560,853,852.556
7564,867,853.072
7566,877,853.217
7568,866,853.361
7569,888,853.406
7572,887,853.707
7575,866,854.066
7578,866,854.480
7582,864,854.826
7583,862,855.040
7585,858,855.241
7587,859,855.386
7593,863,856.159
7599,858,856.650
7601,860,856.851
7606,866,857.467
7607,864,857.681
7610,858,857.926
7617,875,858.518
7618,864,858.619
7619,867,858.719
7620,861,858.764
7624,883,859.279
7625,864,859.379
7631,862,859.870
7632,865,859.971
7633,876,860.071
7636,871,860.260
7639,887,860.618
7641,869,860.819
7648,869,861.523
7649,892,861.680
7651,865,861.881
7652,877,861.982
7654,878,862.127
7656,869,862.271
7657,891,862.372
7660,878,862.617
7662,881,862.818
7664,886,862.963
7666,883,863.107
7668,885,863.308
7669,893,863.521
7672,879,863.823
7674,872,864.080
7679,867,864.526
7682,868,864.884
7683,900,864.984
7686,872,865.229
7687,879,865.442
7691,875,865.844
7692,872,865.945
7699,886,866.705
7702,871,866.950
7708,893,867.609
7712,871,868.011
7714,880,868.156
7715,884,868.256
7719,870,868.714
7720,896,868.815
7721,876,868.859
7725,872,869.317
7731,889,869.976
7732,873,870.077
7735,887,870.322
7745,897,871.383
7750,873,871.772
7755,881,872.331
7756,895,872.431
7759,883,872.958
7760,899,873.058
7761,886,873.158
7765,886,873.504
7766,880,873.605
7767,874,873.705
7769,905,873.906
7771,896,874.051
7773,896,874.251
7775,885,874.396
7777,875,874.597
7780,876,874.842
7783,889,875.143
7785,908,875.287
7786,894,875.388
7787,878,875.488
7791,876,875.890
7793,901,876.203
7794,885,876.303
7797,884,876.604
7798,893,876.705
7799,882,876.805
7800,899,876.849
7805,882,877.295
7807,901,877.495
7809,878,877.640
7810,884,877.740
7811,880,877.840
7817,898,878.498
7823,889,879.044
7826,893,879.288
7827,885,879.389
7834,884,880.091
7837,882,880.335
7838,898,880.435
7839,881,880.479
7840,891,880.580
7843,901,880.936
7849,886,881.538
7852,893,881.838
7856,908,882.352
7862,897,882.953
7864,895,883.097
7866,886,883.185
7869,893,883.486
7870,884,883.586
7873,895,883.999
7875,908,884.143
7878,889,884.556
7879,899,884.768
7880,904,884.813
7882,924,885.013
7893,914,886.059
7894,894,886.160
7895,918,886.204
7899,895,886.548
7901,895,886.805
7916,890,888.251
7918,907,888.451
7922,912,888.964
7923,899,889.064
7925,896,889.264
7928,890,889.677
7931,915,889.921
7941,934,891.036
7948,907,891.624
7950,907,891.881
7952,895,892.193
7955,894,892.438
7959,906,892.726
7960,897,892.826
7961,906,892.870
7964,914,893.283
7966,905,893.483
7970,937,893.828
7971,898,893.928
7973,899,894.128
7977,895,894.528
7979,896,894.673
7983,912,895.073
7985,908,895.217
7986,907,895.261
7987,916,895.361
7989,916,895.561
7991,896,895.761
7992,929,895.861
7994,900,896.173
7995,910,896.217
7997,910,896.417
7999,897,896.617
8004,911,897.005
8006,908,897.205
8008,911,897.405
8012,920,898.029
8016,904,898.373
8017,936,898.586
8018,900,898.686
8023,904,899.186
8024,900,899.286
8025,919,899.386
8028,904,899.630
8030,904,899.774
8034,901,900.006
8039,901,900.561
8041,908,900.761
8051,904,901.536
8055,933,901.992
8058,911,902.291
8060,917,902.603
8063,924,902.847
8064,933,902.947
8066,910,903.146
8074,907,903.945
8076,940,904.145
8078,908,904.345
8079,918,904.445
8080,910,904.545
8083,920,904.956
8087,942,905.468
8088,927,905.568
8090,925,905.879
8091,944,905.923
8097,907,906.467
8101,908,906.979
8105,924,907.378
8111,909,907.978
8112,920,908.078
8114,922,908.222
8115,910,908.265
8117,912,908.577
8118,930,908.677
8121,933,908.977
8122,911,909.077
8123,916,909.289
8124,913,909.333
8126,939,909.476
8127,937,909.576
8134,930,910.220
8135,929,910.320
8138,933,910.563
8142,962,910.962
8143,918,911.062
8144,913,911.162
8147,944,911.574
8154,929,912.217
8160,941,912.759
8161,920,912.971
8164,944,913.271
8166,922,913.414
8171,920,914.081
8176,935,914.525
8177,931,914.625
8178,921,914.724
8180,922,914.980
8184,923,915.268
8189,917,915.767
8191,938,916.022
8195,917,916.421
8196,920,916.521
8197,933,916.621
8200,939,916.920
8202,951,917.120
8204,935,917.319
8205,924,917.363
8209,918,917.818
8210,926,917.862
8212,920,918.062
8213,940,918.106
8220,944,918.860
8224,930,919.315
8225,921,919.359
8228,922,919.602
8229,930,919.702
8230,933,919.801
8234,921,920.424
8236,926,920.624
8237,933,920.835
8239,922,920.979
8240,926,921.023
8241,933,921.123
8243,929,921.378
8246,923,921.622
8249,939,921.921
8253,931,922.320
8270,926,924.128
8271,926,924.227
8274,933,924.583
8275,931,924.683
8276,928,924.726
8280,937,925.070
8284,938,925.413
8286,929,925.556
8288,928,925.868
8289,938,925.967
8292,946,926.378
8296,940,926.889
8298,937,927.201
8299,942,927.300
8303,928,927.588
8305,937,927.787
8306,945,927.887
8307,937,927.987
8309,935,928.131
8314,943,928.741
8319,931,929.240
8323,935,929.639
8324,935,929.683
8326,942,929.827
8327,934,929.927
8329,932,930.182
8330,968,930.226
8333,942,930.525
8334,944,930.625
8340,954,931.167
8344,933,931.566
8345,934,931.610
8346,944,931.654
8348,954,931.853
8351,971,932.041
8356,952,932.650
8367,936,933.802
8372,952,934.357
8376,954,934.699
8377,937,934.911
8381,959,935.198
8384,938,935.497
8387,951,935.907
8390,952,936.318
8392,956,936.517
8394,944,936.661
8395,960,936.760
8396,943,936.860
8399,947,937.159
8400,938,937.258
8402,973,937.458
8405,943,937.701
8409,951,938.099
8411,953,938.243
8417,947,938.729
8418,945,938.828
8422,967,939.282
8426,940,939.792
8429,946,940.203
8431,953,940.513
8433,958,940.713
8434,962,940.812
8438,942,941.155
8439,949,941.199
8442,950,941.442
8446,944,941.896
8450,968,942.351
8451,966,942.394
8452,960,942.494
8453,947,942.594
8454,943,942.693
8456,972,942.892
8457,945,942.992
8461,956,943.446
8462,950,943.546
8466,947,943.833
8474,958,944.629
8476,958,944.828
8477,945,944.928
8480,955,945.226
8485,946,945.668
8487,977,945.867
8489,955,946.011
8490,971,946.054
8492,954,946.253
8495,951,946.496
8496,965,946.540
8497,983,946.639
8501,948,947.148
8502,980,947.248
8509,949,947.888
8516,979,948.473
8518,953,948.672
8521,953,949.025
8525,975,949.367
8527,962,949.622
8532,981,950.119
8534,952,950.318
8538,957,950.771
8543,975,951.491
8545,959,951.690
8546,960,951.733
8548,955,951.932
8559,956,952.859
8561,963,953.002
8565,964,953.511
8566,954,953.610
8569,955,953.852
8571,962,954.051
8576,974,954.659
8577,966,954.759
8578,957,954.858
8582,968,955.311
8583,957,955.355
8584,966,955.454
8585,957,955.554
8593,961,956.293
8595,966,956.380
8599,983,957.000
8608,994,957.727
8614,982,958.435
8623,973,959.328
8625,963,959.527
8627,969,959.837
8628,960,959.881
8631,961,960.290
8635,965,960.687
8636,968,960.787
8637,998,960.886
8642,964,961.494
8644,964,961.693
8646,976,961.780
8647,964,961.991
8653,984,962.531
8654,988,962.631
8664,989,963.568
8665,965,963.668
8669,978,964.120
8671,977,964.263
8672,998,964.363
8677,966,964.915
8682,982,965.467
8683,980,965.566
8685,971,965.765
8689,978,966.218
8695,968,966.758
8696,970,966.802
8697,969,966.901
8703,993,967.553
8705,980,967.751
8706,979,967.851
8708,993,968.105
8710,991,968.248
8715,1002,968.800
8716,982,968.900
8718,980,969.098
8725,974,969.794
8732,977,970.600
8738,986,971.140
8739,984,971.239
8741,979,971.494
8742,974,971.593
8747,982,972.090
8748,988,972.133
8749,981,972.233
8753,988,972.741
8762,991,973.635
8764,1008,973.834
8768,980,974.231
8772,995,974.572
8774,986,974.771
8775,990,974.815
8782,977,975.621
8784,1002,975.875
8788,978,976.217
8794,999,976.701
8802,981,977.384
8804,981,977.638
8807,987,978.047
8815,985,978.729
8816,1005,978.829
8823,1000,979.745
8826,999,980.043
8827,984,980.142
8833,981,980.738
8834,983,980.781
8837,990,981.190
8838,994,981.289
8841,1004,981.587
8844,989,981.885
8848,989,982.282
8851,992,982.691
8853,987,982.834
8860,1000,983.473
8861,987,983.683
8862,994,983.783
8864,990,984.037
8868,991,984.489
8869,987,984.589
8872,985,984.886
8873,1014,984.930
8876,1002,985.173
8881,999,985.613
8885,1014,986.010
8889,1012,986.518
8891,988,986.661
8892,1007,986.760
8893,989,986.970
8901,994,987.653
8905,996,987.995
8908,990,988.292
8909,1000,988.391
8911,1006,988.590
8916,1014,989.030
8920,991,989.316
8922,1005,989.514
8923,1022,989.724
8924,995,989.823
8927,991,990.065
8928,1006,990.164
8931,991,990.517
8932,1009,990.616
8936,1005,991.124
8937,997,991.223
8941,1000,991.675
8948,1017,992.314
8949,1006,992.413
8950,998,992.512
8957,1017,993.150
8958,1014,993.250
8960,1012,993.392
8965,1001,993.888
8966,1006,993.987
8967,998,994.086
8969,1012,994.340
8971,996,994.649
8972,998,994.748
8976,999,995.145
8979,997,995.331
8983,996,995.727
8985,1016,995.870
8986,1024,995.969
8991,1017,996.354
8992,1031,996.453
8998,1011,996.936
9000,1048,997.245
9001,998,997.455
9003,1001,997.653
9004,999,997.752
9005,1011,997.851
9006,1007,997.895
9008,1005,998.204
9013,1014,998.921
9014,1002,999.020
9018,1007,999.416
9020,1006,999.559
9022,1012,999.702
9024,1003,999.789
9025,1018,999.888
9030,1009,1000.384
9032,1018,1000.582
9034,1013,1000.780
9037,1018,1001.077
9041,1006,1001.528
9044,1007,1001.881
9046,1024,1002.079
9049,1015,1002.432
9051,1011,1002.630
9054,1005,1002.927
9055,1024,1003.026
9056,1009,1003.125
9057,1012,1003.224
9059,1030,1003.478
9062,1029,1003.719
9065,1010,1003.906
9078,1010,1005.138
9079,1017,1005.237
9081,1022,1005.435
9083,1016,1005.633
9085,1010,1005.775
9087,1008,1005.973
9090,1026,1006.215
9093,1038,1006.622
9098,1054,1007.062
9100,1026,1007.204
9102,1024,1007.402
9106,1012,1007.853
9109,1011,1008.206
9111,1023,1008.348
9124,1014,1009.523
9126,1032,1009.610
9128,1017,1009.863
9132,1023,1010.259
9137,1015,1010.919
9140,1021,1011.216
9142,1014,1011.414
9146,1012,1011.699
9150,1035,1012.039
9151,1025,1012.248
9154,1027,1012.490
9156,1024,1012.577
9158,1029,1012.885
9160,1051,1013.083
9162,1054,1013.391
9166,1022,1013.731
9171,1020,1014.170
9178,1017,1014.918
9180,1024,1015.115
9182,1024,1015.424
9189,1046,1016.061
9191,1048,1016.258
9197,1029,1016.851
9204,1023,1017.654
9207,1027,1017.895
9211,1026,1018.401
9216,1044,1018.785
9217,1036,1018.884
9222,1021,1019.378
9224,1039,1019.576
9226,1038,1019.718
9233,1043,1020.410
9236,1041,1020.706
9237,1038,1020.805
9240,1024,1021.157
9241,1039,1021.366
9243,1042,1021.564
9246,1026,1021.805
9247,1046,1021.904
9253,1026,1022.442
9255,1023,1022.639
9258,1028,1022.991
9259,1030,1023.090
9262,1052,1023.276
9264,1037,1023.473
9271,1039,1024.054
9275,1033,1024.449
9277,1048,1024.702
9288,1054,1026.009
9292,1033,1026.349
9294,1038,1026.602
9296,1040,1026.744
9297,1029,1026.843
9298,1030,1026.942
9301,1059,1027.238
9307,1066,1027.830
9309,1028,1027.973
9315,1040,1028.676
9320,1048,1029.224
9327,1032,1030.026
9328,1042,1030.125
9331,1035,1030.366
9335,1042,1030.706
9336,1035,1030.805
9338,1039,1031.113
9342,1045,1031.563
9344,1032,1031.871
9352,1033,1032.661
9354,1065,1032.859
9359,1043,1033.242
9360,1036,1033.341
9372,1044,1034.526
9374,1046,1034.668
9379,1049,1035.217
9382,1057,1035.513
9384,1059,1035.711
9389,1075,1036.149
9391,1040,1036.457
9392,1055,1036.556
9393,1077,1036.599
9396,1053,1036.840
9402,1056,1037.432
9403,1040,1037.641
9413,1045,1038.739
9414,1061,1038.838
9418,1040,1039.233
9419,1041,1039.387
9423,1053,1039.892
9424,1045,1039.991
9426,1046,1040.188
9427,1047,1040.287
9428,1041,1040.386
9430,1067,1040.528
9433,1049,1041.045
9437,1044,1041.495
9439,1060,1041.804
9442,1075,1042.100
9446,1057,1042.495
9447,1043,1042.594
9449,1046,1042.737
9451,1060,1042.934
9455,1056,1043.274
9461,1047,1043.812
9466,1046,1044.416
9478,1055,1045.767
9479,1047,1045.921
9481,1053,1046.119
9487,1053,1046.657
9490,1078,1046.898
9494,1062,1047.404
9496,1061,1047.601
9499,1068,1048.008
9501,1054,1048.151
9502,1068,1048.250
9504,1059,1048.392
9507,1051,1048.633
9510,1071,1048.930
9511,1062,1049.139
9519,1060,1049.819
9523,1064,1050.324
9524,1053,1050.423
9526,1068,1050.566
9527,1053,1050.664
9530,1061,1050.961
9535,1083,1051.510
9536,1069,1051.553
9543,1054,1052.190
9548,1058,1052.794
9549,1076,1052.893
9551,1061,1053.200
9553,1067,1053.398
9554,1064,1053.497
9564,1059,1054.430
9567,1069,1054.726
9570,1063,1054.912
9574,1076,1055.307
9575,1069,1055.405
9576,1071,1055.504
9588,1083,1056.688
9589,1083,1056.787
9593,1069,1057.072
9597,1059,1057.466
9598,1066,1057.565
9601,1078,1057.971
9611,1060,1058.737
9614,1066,1059.143
9620,1072,1059.735
9623,1083,1060.141
9627,1076,1060.481
9630,1070,1060.832
9632,1066,1061.139
9633,1064,1061.183
9634,1062,1061.282
9635,1073,1061.380
9638,1074,1061.621
9646,1078,1062.465
9648,1069,1062.663
9649,1075,1062.872
9651,1078,1063.014
9652,1068,1063.113
9660,1073,1063.792
9661,1076,1064.000
9662,1080,1064.099
9667,1084,1064.537
9670,1069,1064.833
9675,1071,1065.326
9682,1069,1066.237
9685,1101,1066.533
9688,1072,1066.774
9690,1091,1066.971
9693,1072,1067.212
9696,1104,1067.453
9698,1100,1067.760
9700,1073,1067.958
9703,1089,1068.198
9705,1072,1068.396
9706,1070,1068.494
9719,1081,1069.555
9721,1096,1069.808
9725,1082,1070.147
9730,1078,1070.584
9733,1081,1070.935
9736,1081,1071.121
9737,1099,1071.219
9738,1079,1071.263
9739,1074,1071.471
9741,1081,1071.613
9742,1072,1071.712
9743,1086,1071.920
9752,1083,1072.807
9756,1081,1073.146
9757,1078,1073.245
9762,1078,1073.737
9766,1078,1074.076
9768,1094,1074.383
9770,1086,1074.635
9771,1076,1074.679
9773,1095,1074.876
9781,1089,1075.664
9786,1077,1076.101
9788,1085,1076.353
9789,1081,1076.452
9790,1083,1076.550
9792,1080,1076.802
9795,1082,1077.098
9796,1090,1077.196
9806,1100,1078.126
9811,1093,1078.729
9817,1102,1079.430
9818,1085,1079.528
9826,1099,1080.316
9828,1082,1080.513
9829,1098,1080.722
9830,1083,1080.765
9833,1083,1081.171
9836,1099,1081.466
9838,1085,1081.663
9839,1088,1081.872
9846,1089,1082.452
9847,1087,1082.550
9848,1103,1082.594
9851,1092,1082.944
9856,1085,1083.382
9861,1117,1084.040
9869,1089,1084.718
9872,1111,1085.123
9874,1114,1085.320
9876,1106,1085.408
9877,1094,1085.506
9882,1087,1085.889
9885,1097,1086.294
9888,1104,1086.644
9890,1117,1086.841
9894,1113,1087.235
9895,1128,1087.334
9902,1101,1088.023
9910,1116,1088.811
9913,1109,1089.107
9917,1093,1089.501
9918,1090,1089.599
9920,1091,1089.741
9921,1096,1089.785
9925,1107,1090.288
9926,1100,1090.332
9928,1098,1090.529
9930,1103,1090.781
9932,1103,1091.087
9940,1095,1091.820
9941,1118,1092.029
9949,1095,1092.816
9950,1117,1092.915
9951,1117,1093.013
9956,1101,1093.451
9961,1111,1093.888
9966,1125,1094.325
9967,1095,1094.534
9973,1123,1095.179
9978,1100,1095.616
9980,1168,1095.758
9988,1100,1096.436
9990,1098,1096.578
9993,1107,1096.873
9998,1105,1097.200
10005,1103,1097.833
10006,1114,1097.931
10009,1118,1098.446
10022,1104,1099.559
10025,1102,1099.744
10034,1113,1100.574
10037,1119,1100.923
10042,1108,1101.524
10045,1128,1101.764
10048,1116,1102.059
10051,1109,1102.299
10052,1114,1102.397
10053,1103,1102.441
10062,1147,1103.269
10070,1123,1104.220
10073,1110,1104.405
10076,1112,1104.644
10087,1113,1105.724
10089,1114,1105.866
10092,1123,1106.215
10094,1132,1106.521
10095,1107,1106.619
10096,1107,1106.718
10097,1112,1106.816
10101,1113,1107.264
10103,1108,1107.570
10107,1133,1107.962
10108,1111,1108.061
10109,1109,1108.104
10111,1127,1108.410
10113,1125,1108.607
10114,1117,1108.705
10116,1116,1108.792
10118,1118,1108.988
10121,1113,1109.283
10123,1119,1109.479
10125,1113,1109.621
10129,1137,1110.013
10133,1112,1110.461
10135,1124,1110.602
10136,1126,1110.701
10140,1130,1111.203
10142,1117,1111.509
10151,1113,1112.393
10152,1120,1112.491
10156,1116,1112.884
10162,1129,1113.528
10165,1127,1113.877
10166,1118,1113.920
10170,1129,1114.368
10182,1143,1115.547
10184,1121,1115.688
10187,1123,1115.983
10191,1143,1116.376
10193,1144,1116.682
10196,1130,1116.867
10197,1137,1116.965
10199,1143,1117.106
10200,1131,1117.205
10203,1139,1117.444
10204,1148,1117.542
10208,1147,1117.880
10209,1146,1117.978
10211,1141,1118.284
10227,1128,1119.799
10228,1126,1119.898
10234,1122,1120.486
10238,1137,1120.824
10245,1140,1121.510
10253,1130,1122.459
10256,1145,1122.699
10257,1124,1122.797
10261,1140,1123.244
10265,1133,1123.637
10267,1135,1123.888
10272,1128,1124.433
10275,1132,1124.728
10285,1133,1125.654
10289,1128,1126.156
10298,1156,1126.984
10304,1133,1127.737
10305,1154,1127.780
10309,1146,1128.173
10310,1147,1128.271
10320,1156,1129.197
10323,1140,1129.601
10327,1140,1129.994
10334,1133,1130.845
10335,1139,1130.943
10341,1146,1131.587
10342,1155,1131.685
10344,1157,1131.990
10348,1147,1132.328
10350,1139,1132.525
10352,1157,1132.721
10353,1135,1132.764
10354,1134,1132.863
10355,1162,1132.961
10360,1145,1133.451
10364,1156,1133.844
10367,1141,1134.084
10372,1141,1134.629
10374,1145,1134.716
10375,1149,1134.814
10376,1143,1134.857
10378,1141,1135.053
10383,1138,1135.489
10385,1145,1135.631
10394,1147,1136.513
10395,1161,1136.611
10398,1160,1136.905
10404,1184,1137.493
10405,1148,1137.591
10408,1155,1137.885
10410,1140,1138.081
10411,1144,1138.179
10414,1149,1138.473
10416,1151,1138.669
10417,1152,1138.767
10419,1141,1138.963
10422,1140,1139.257
10427,1140,1139.802
10430,1162,1140.151
10432,1143,1140.347
10436,1141,1140.793
10442,1150,1141.327
10443,1145,1141.370
10446,1149,1141.664
10448,1148,1141.806
10451,1158,1141.990
10453,1144,1142.295
10458,1175,1142.894
10460,1162,1143.145
10461,1159,1143.243
10463,1163,1143.548
10465,1144,1143.690
10467,1161,1143.886
10469,1145,1144.027
10471,1146,1144.223
10476,1156,1144.658
10477,1190,1144.866
10480,1159,1145.105
10484,1164,1145.442
10489,1168,1146.041
10491,1167,1146.128
10492,1172,1146.226
10497,1148,1146.716
10500,1156,1147.064
10508,1178,1147.794
10509,1158,1147.837
10516,1160,1148.522
10517,1174,1148.620
10523,1165,1149.208
10527,1160,1149.600
10529,1166,1149.850
10530,1157,1149.893
10534,1181,1150.340
10537,1152,1150.633
10539,1152,1150.829
10541,1158,1151.025
10543,1153,1151.221
10544,1167,1151.264
10550,1194,1151.797
10551,1154,1151.895
10558,1157,1152.525
10559,1157,1152.732
10565,1155,1153.265
10569,1167,1153.711
10573,1159,1154.048
10574,1175,1154.091
10577,1186,1154.385
10580,1177,1154.623
10583,1172,1154.862
10586,1205,1155.101
10587,1157,1155.199
10591,1162,1155.645
10592,1178,1155.742
10596,1204,1155.970
10598,1162,1156.275
10609,1158,1157.514
10612,1164,1157.753
10616,1167,1158.199
10618,1192,1158.394
10622,1176,1158.785
10624,1161,1158.926
10629,1183,1159.524
10633,1173,1160.025
10634,1165,1160.068
10635,1165,1160.166
10636,1168,1160.264
10637,1169,1160.361
10641,1167,1160.753
10646,1164,1161.242
10652,1164,1161.937
10653,1171,1162.035
10660,1165,1162.665
10662,1189,1162.806
10668,1189,1163.611
10674,1173,1164.089
10675,1176,1164.187
10682,1176,1164.872
10683,1166,1164.969
10685,1187,1165.165
10689,1184,1165.556
10691,1180,1165.806
10693,1175,1166.002
10706,1250,1167.054
10712,1170,1167.804
10716,1181,1168.141
10719,1172,1168.434
10723,1170,1168.934
10725,1173,1169.130
10726,1185,1169.227
10730,1188,1169.727
10737,1175,1170.466
10744,1180,1171.151
10746,1193,1171.238
10750,1174,1171.574
10751,1185,1171.617
10756,1181,1172.215
10759,1193,1172.454
10765,1181,1172.876
10766,1193,1172.974
10767,1189,1173.072
10769,1189,1173.267
10772,1191,1173.669
10774,1184,1173.865
10776,1192,1174.060
10785,1183,1174.830
10788,1180,1175.069
10795,1189,1175.752
10797,1178,1175.948
10798,1186,1176.045
10800,1209,1176.241
10803,1181,1176.534
10811,1192,1177.151
10815,1186,1177.542
10816,1187,1177.639
10820,1180,1178.030
10826,1180,1178.506
10829,1181,1178.799
10830,1181,1178.842
10833,1181,1179.243
10836,1183,1179.482
10837,1193,1179.688
10843,1220,1180.219
10846,1187,1180.512
10852,1206,1181.151
10853,1197,1181.358
10854,1213,1181.455
10858,1200,1181.791
10864,1186,1182.540
10870,1219,1183.126
10876,1207,1183.657
10881,1200,1184.090
10883,1198,1184.340
10886,1186,1184.578
10889,1186,1184.979
10893,1195,1185.424
10894,1206,1185.522
10899,1193,1185.955
10907,1191,1186.790
10920,1190,1187.950
10921,1200,1188.047
10927,1190,1188.578
10931,1210,1188.859
10935,1192,1189.195
10947,1208,1190.473
10948,1195,1190.571
10951,1244,1190.972
10955,1199,1191.308
10956,1207,1191.405
10957,1197,1191.611
10958,1201,1191.709
10965,1230,1192.337
10972,1204,1192.911
10974,1199,1193.214
10993,1198,1195.284
10994,1197,1195.382
11000,1225,1195.858
11001,1204,1195.901
11005,1201,1196.399
11008,1227,1196.638
11014,1243,1197.168
11020,1235,1197.590
11021,1200,1197.687
11025,1232,1198.022
11026,1208,1198.120
11031,1200,1198.661
11032,1209,1198.758
11034,1210,1198.899
11038,1211,1199.234
11042,1201,1199.569
11045,1207,1199.807
11049,1209,1200.251
11054,1204,1200.683
11055,1211,1200.726
11071,1233,1202.555
11073,1210,1202.695
11078,1212,1203.073
11080,1207,1203.214
11081,1219,1203.311
11084,1225,1203.712
11094,1215,1204.794
11096,1213,1204.934
11102,1228,1205.518
11107,1208,1206.005
11108,1210,1206.102
11110,1225,1206.297
11117,1238,1207.141
11120,1210,1207.542
11121,1209,1207.639
11124,1208,1207.877
11129,1220,1208.309
11134,1210,1208.905
11135,1254,1208.948
11143,1210,1209.509
11144,1210,1209.606
11146,1219,1209.747
11147,1229,1209.844
11149,1238,1210.147
11158,1226,1210.914
11163,1238,1211.617
11170,1218,1212.299
11174,1218,1212.796
11178,1222,1213.294
11190,1229,1214.299
11194,1219,1214.689
11195,1217,1214.732
11212,1249,1216.385
11214,1241,1216.688
11215,1220,1216.786
11221,1223,1217.261
11223,1228,1217.401
11226,1226,1217.638
11234,1235,1218.362
11238,1228,1218.751
11243,1267,1219.345
11246,1228,1219.637
11250,1254,1219.971
11253,1229,1220.371
11271,1245,1222.122
11273,1227,1222.424
11281,1225,1223.256
11287,1250,1223.785
11290,1243,1224.077
11299,1230,1225.060
11301,1240,1225.255
11306,1233,1225.687
11311,1241,1226.173
11312,1242,1226.270
11313,1246,1226.367
11317,1261,1226.864
11323,1236,1227.393
11335,1250,1228.560
11338,1259,1228.851
11343,1236,1229.283
11345,1238,1229.423
11347,1240,1229.617
11348,1232,1229.660
11351,1243,1230.006
11356,1240,1230.546
11357,1245,1230.643
11363,1247,1231.063
11366,1238,1231.355
11367,1237,1231.452
11371,1247,1231.840
11373,1235,1232.035
11374,1245,1232.132
11376,1241,1232.272
11378,1263,1232.466
11385,1249,1233.200
11386,1235,1233.297
11388,1270,1233.437
11390,1278,1233.631
11393,1240,1233.922
11403,1239,1234.948
11406,1237,1235.185
11417,1249,1236.307
11419,1252,1236.501
11423,1247,1236.997
11426,1264,1237.234
11432,1252,1237.708
11433,1264,1237.806
11439,1244,1238.388
11440,1256,1238.485
11443,1240,1238.884
11444,1274,1238.981
11447,1263,1239.381
11451,1257,1239.715
11453,1250,1239.855
11456,1241,1240.146
11460,1275,1240.480
11466,1242,1241.062
11473,1247,1241.850
11474,1246,1241.947
11476,1289,1242.141
11486,1249,1243.057
11491,1265,1243.759
11495,1286,1244.147
11497,1251,1244.395
11499,1245,1244.589
11500,1262,1244.686
11510,1250,1245.549
11512,1250,1245.743
11520,1263,1246.411
11526,1264,1246.939
11532,1266,1247.467
11535,1261,1247.703
11536,1275,1247.800
11544,1251,1248.468
11545,1266,1248.565
11547,1280,1248.759
11548,1252,1248.856
11551,1284,1249.309
11562,1254,1250.321
11567,1253,1250.752
11578,1285,1251.763
11582,1253,1252.205
11585,1292,1252.442
11588,1263,1252.786
11594,1276,1253.422
11606,1273,1254.477
11608,1255,1254.670
11613,1262,1255.101
11614,1256,1255.197
11615,1259,1255.294
11619,1265,1255.790
11623,1285,1256.285
11627,1262,1256.619
11637,1263,1257.642
11639,1258,1257.781
11651,1265,1258.781
11654,1275,1259.072
11656,1261,1259.211
11665,1262,1260.083
11668,1277,1260.319
11669,1279,1260.362
11676,1263,1261.039
11677,1278,1261.244
11680,1263,1261.480
11681,1295,1261.685
11682,1266,1261.782
11688,1263,1262.254
11689,1295,1262.459
11694,1264,1262.943
11700,1270,1263.578
11708,1267,1264.406
11716,1310,1265.126
11719,1271,1265.632
11722,1283,1265.923
11723,1266,1265.966
11724,1277,1266.062
11728,1304,1266.450
11730,1277,1266.589
11737,1273,1267.321
11743,1270,1268.009
11753,1320,1268.923
11760,1275,1269.546
11761,1271,1269.643
11762,1270,1269.740
11766,1279,1270.073
11769,1286,1270.255
11770,1275,1270.352
11780,1272,1271.372
11783,1287,1271.663
11784,1291,1271.759
11787,1276,1272.049
11788,1280,1272.146
11789,1274,1272.351
11795,1273,1272.877
11800,1287,1273.253
11806,1292,1273.833
11807,1299,1274.037
11809,1279,1274.231
11816,1288,1274.800
11822,1283,1275.488
11823,1278,1275.584
11828,1302,1276.176
11829,1305,1276.272
11830,1286,1276.369
11834,1302,1276.864
11838,1297,1277.143
11845,1290,1277.820
11852,1282,1278.497
11857,1289,1278.980
11859,1294,1279.120
11861,1304,1279.313
11871,1305,1280.388
11874,1292,1280.624
11877,1281,1280.860
11884,1294,1281.429
11886,1288,1281.568
11887,1287,1281.773
11889,1289,1281.966
11897,1300,1282.793
11900,1284,1283.029
11907,1287,1283.759
11910,1300,1284.103
11916,1310,1284.521
11917,1286,1284.618
11923,1296,1285.305
11924,1299,1285.402
11930,1287,1286.036
11931,1309,1286.132
11932,1293,1286.229
11935,1312,1286.573
11945,1290,1287.593
11946,1288,1287.636
11950,1289,1287.968
11952,1327,1288.162
11953,1293,1288.366
11955,1316,1288.451
11959,1312,1288.892
11961,1298,1289.085
11968,1328,1289.707
11976,1310,1290.696
11980,1306,1291.029
11988,1321,1291.910
11990,1313,1292.049
11994,1298,1292.436
11997,1299,1292.672
11998,1308,1292.768
12000,1318,1292.908
12004,1295,1293.240
12008,1297,1293.734
12016,1339,1294.453
12024,1303,1295.118
12038,1304,1296.416
12041,1297,1296.759
12042,1306,1296.856
12045,1315,1297.199
12051,1316,1297.779
12055,1306,1298.057
12058,1302,1298.293
12059,1299,1298.390
12063,1301,1298.722
12066,1302,1298.957
12070,1324,1299.290
12075,1310,1299.934
12082,1331,1300.609
12083,1308,1300.706
12085,1304,1300.845
12086,1312,1300.941
12090,1322,1301.219
12092,1305,1301.412
12094,1308,1301.605
12103,1311,1302.581
12109,1304,1303.375
12112,1308,1303.611
12118,1333,1304.244
12120,1321,1304.491
12121,1328,1304.587
12125,1314,1304.866
12127,1314,1305.059
12129,1321,1305.251
12133,1329,1305.637
12137,1322,1306.023
12138,1314,1306.120
12142,1317,1306.452
12145,1319,1306.849
12146,1321,1306.945
12155,1313,1307.921
12159,1318,1308.361
12161,1329,1308.662
12162,1313,1308.758
12167,1333,1309.295
12169,1327,1309.434
12178,1314,1310.302
12181,1318,1310.538
12185,1323,1310.870
12186,1317,1310.913
12190,1331,1311.245
12199,1330,1312.166
12200,1329,1312.263
12205,1323,1312.799
12215,1318,1313.709
12220,1337,1314.138
12228,1324,1314.963
12230,1344,1315.156
12233,1320,1315.445
12235,1324,1315.584
12236,1319,1315.627
12241,1321,1316.270
12242,1320,1316.366
12244,1319,1316.559
12251,1338,1317.288
12253,1320,1317.588
12255,1333,1317.727
12265,1352,1318.691
12267,1320,1318.830
12274,1328,1319.559
12277,1321,1319.902
12279,1323,1320.095
12282,1343,1320.492
12286,1330,1320.824
12293,1324,1321.606
12297,1364,1321.938
12306,1357,1322.860
12308,1326,1323.053
12314,1327,1323.578
12321,1333,1324.199
12327,1330,1324.885
12329,1335,1325.131
12353,1347,1327.391
12354,1371,1327.434
12355,1329,1327.530
12361,1352,1328.108
12367,1346,1328.633
12370,1347,1328.922
12371,1352,1329.018
12375,1340,1329.457
12380,1334,1330.154
12384,1347,1330.432
12387,1345,1330.721
12395,1346,1331.545
12398,1363,1331.781
12404,1363,1332.359
12405,1344,1332.455
12424,1361,1334.447
12428,1383,1334.779
12431,1369,1335.014
12433,1339,1335.314
12436,1358,1335.604
12447,1338,1336.664
12453,1358,1337.295
12461,1352,1338.012
12471,1345,1338.922
12473,1351,1339.222
12474,1348,1339.318
12477,1350,1339.554
12481,1361,1340.046
12482,1347,1340.143
12486,1361,1340.421
12492,1351,1341.106
12494,1349,1341.245
12502,1350,1342.123
12503,1343,1342.327
12506,1351,1342.562
12509,1364,1342.851
12517,1366,1343.729
12524,1345,1344.350
12533,1351,1345.271
12538,1375,1345.699
12544,1356,1346.438
12545,1356,1346.534
12548,1369,1346.877
12557,1374,1347.798
12562,1353,1348.173
12568,1372,1348.697
12571,1364,1349.093
12578,1365,1349.768
12585,1364,1350.389
12588,1376,1350.678
12600,1355,1351.834
12606,1373,1352.519
12611,1359,1353.054
12613,1397,1353.354
12623,1360,1354.210
12627,1363,1354.542
12630,1381,1354.777
12638,1385,1355.655
12640,1360,1355.848
12641,1367,1356.051
12642,1384,1356.148
12646,1378,1356.533
12655,1386,1357.400
12666,1364,1358.514
12667,1381,1358.610
12672,1371,1359.092
12673,1373,1359.188
12681,1369,1359.851
12682,1379,1359.947
12686,1366,1360.225
12691,1373,1360.814
12693,1370,1361.007
12708,1372,1362.505
12712,1371,1362.836
12716,1392,1363.329
12720,1373,1363.660
12732,1366,1364.708
12734,1381,1364.847
12736,1366,1364.986
12740,1372,1365.478
12741,1378,1365.574
12753,1368,1366.837
12761,1381,1367.660
12774,1387,1368.912
12776,1384,1369.104
12777,1385,1369.201
12781,1387,1369.639
12782,1374,1369.735
12791,1385,1370.548
12793,1379,1370.740
12797,1399,1371.072
12800,1412,1371.414
12802,1379,1371.553
12804,1381,1371.692
12817,1376,1372.942
12821,1409,1373.327
12826,1393,1373.915
12828,1385,1374.054
12843,1388,1375.551
12850,1382,1376.170
12853,1395,1376.512
12862,1399,1377.324
12864,1418,1377.517
12874,1397,1378.318
12878,1399,1378.702
12883,1384,1379.076
12884,1393,1379.172
12890,1384,1379.802
12892,1392,1379.994
12893,1416,1380.197
12899,1390,1380.774
12903,1405,1381.105
12908,1397,1381.692
12914,1386,1382.322
12915,1385,1382.419
12922,1390,1383.252
12923,1393,1383.402
12927,1393,1383.733
12930,1389,1384.021
12933,1385,1384.256
12938,1390,1384.683
12941,1403,1385.079
12943,1386,1385.271
12946,1401,1385.506
12952,1407,1386.029
12954,1401,1386.328
12956,1416,1386.467
12957,1388,1386.563
12960,1428,1386.905
12968,1401,1387.674
12971,1395,1387.855
12974,1397,1388.251
12984,1411,1389.319
12985,1407,1389.415
12986,1395,1389.511
13000,1399,1390.696
13003,1397,1391.145
13009,1394,1391.882
13013,1429,1392.214
13014,1405,1392.256
13015,1397,1392.352
13018,1404,1392.641
13020,1396,1392.779
13024,1399,1393.164
13028,1394,1393.495
13038,1395,1394.670
13041,1408,1394.905
13042,1401,1395.001
13054,1406,1396.261
13058,1402,1396.539
13070,1429,1397.692
13071,1398,1397.788
13073,1404,1397.980
13074,1404,1398.076
13077,1406,1398.311
13079,1401,1398.503
13081,1419,1398.642
13086,1417,1399.069
13092,1408,1399.538
13095,1402,1399.879
13096,1404,1399.975
13103,1406,1400.808
13104,1420,1400.851
13108,1409,1401.235
13118,1449,1402.195
13121,1407,1402.590
13124,1443,1402.825
13129,1417,1403.359
13137,1405,1403.966
13145,1408,1404.734
13147,1418,1404.980
13154,1443,1405.652
13163,1408,1406.623
13164,1417,1406.719
13167,1424,1407.007
13172,1443,1407.540
13174,1413,1407.679
13179,1414,1408.213
13187,1411,1409.141
13192,1421,1409.621
13201,1435,1410.325
13204,1417,1410.560
13218,1413,1411.797
13220,1414,1412.095
13224,1444,1412.426
13227,1422,1412.714
13230,1422,1413.055
13237,1439,1413.727
13239,1430,1413.865
13240,1433,1413.961
13242,1415,1414.260
13250,1421,1414.974
13253,1430,1415.262
13259,1423,1415.891
13260,1421,1415.987
13265,1431,1416.467
13266,1428,1416.563
13270,1418,1417.000
13276,1427,1417.576
13280,1420,1417.853
13296,1465,1419.388
13297,1438,1419.591
13301,1425,1419.921
13305,1438,1420.305
13318,1425,1421.658
13322,1423,1421.989
13323,1426,1422.031
13331,1445,1423.012
13333,1430,1423.204
13340,1427,1423.982
13341,1439,1424.025
13345,1445,1424.355
13347,1446,1424.494
13349,1428,1424.632
13361,1431,1425.516
13365,1430,1425.793
13373,1451,1426.613
13379,1453,1427.134
13381,1443,1427.433
13383,1431,1427.624
13384,1428,1427.720
13392,1441,1428.380
13401,1453,1429.403
13404,1444,1429.690
13406,1439,1429.828
13407,1447,1429.924
13409,1442,1430.116
13415,1470,1430.744
13428,1434,1432.043
13444,1450,1433.469
13449,1451,1433.842
13455,1450,1434.470
13477,1441,1436.737
13479,1442,1436.875
13480,1460,1436.971
13491,1444,1438.078
13502,1442,1439.131
13508,1450,1439.599
13511,1442,1439.887
13514,1466,1440.280
13525,1448,1441.334
13534,1461,1442.036
13545,1461,1443.035
13549,1462,1443.418
13551,1448,1443.556
13552,1466,1443.652
13562,1448,1444.609
13572,1455,1445.565
13574,1459,1445.757
13578,1474,1446.246
13580,1458,1446.437
13583,1451,1446.724
13585,1453,1446.916
13587,1451,1447.107
13588,1452,1447.203
13597,1467,1448.170
13605,1458,1448.829
13607,1465,1449.020
13610,1450,1449.307
13617,1453,1450.083
13630,1452,1451.327
13635,1459,1451.859
13637,1473,1452.050
13646,1462,1452.751
13647,1454,1452.847
13651,1459,1453.282
13660,1477,1454.143
13661,1476,1454.239
13664,1468,1454.472
13668,1455,1454.802
13669,1466,1455.004
13672,1478,1455.290
13675,1460,1455.577
13681,1465,1456.311
13688,1474,1457.033
13689,1503,1457.129
13690,1460,1457.224
13692,1485,1457.522
13703,1464,1458.681
13707,1485,1459.011
13709,1477,1459.308
13712,1460,1459.702
13716,1473,1459.978
13733,1478,1461.764
13736,1486,1462.052
13739,1463,1462.285
13744,1470,1462.657
13751,1470,1463.433
13752,1479,1463.529
13755,1469,1463.763
13762,1499,1464.645
13774,1501,1465.687
13778,1473,1466.017
13780,1472,1466.208
13783,1469,1466.601
13785,1477,1466.793
13797,1475,1467.940
13802,1474,1468.525
13808,1476,1469.099
13821,1478,1470.289
13823,1475,1470.428
13827,1476,1470.757
13854,1495,1473.392
13862,1522,1474.264
13863,1480,1474.359
13869,1499,1474.773
13880,1511,1475.984
13884,1496,1476.367
13891,1491,1476.930
13905,1481,1478.215
13909,1525,1478.650
13912,1486,1478.884
13915,1503,1479.224
13917,1493,1479.415
13921,1483,1479.903
13939,1497,1481.730
13943,1524,1482.060
13952,1494,1482.813
13956,1484,1483.196
13958,1484,1483.334
13960,1497,1483.472
13962,1500,1483.663
13964,1499,1483.960
13968,1489,1484.449
13970,1486,1484.587
13977,1490,1485.096
13982,1489,1485.520
13983,1501,1485.563
13987,1503,1485.945
13990,1512,1486.231
13997,1488,1486.953
13999,1520,1487.197
14006,1490,1487.812
14014,1509,1488.683
14016,1494,1488.821
14019,1499,1489.107
14029,1523,1490.062
14035,1498,1490.688
14045,1505,1491.537
14051,1494,1492.109
14068,1500,1493.679
14082,1506,1495.121
14084,1519,1495.418
14088,1534,1495.907
14091,1515,1496.087
14110,1508,1497.847
14115,1516,1498.271
14116,1504,1498.367
14119,1525,1498.653
14121,1522,1498.844
14127,1510,1499.416
14138,1511,1500.413
14139,1518,1500.455
14141,1512,1500.593
14143,1511,1500.890
14144,1507,1500.932
14147,1521,1501.218
14148,1521,1501.260
14150,1521,1501.557
14159,1526,1502.469
14162,1534,1502.755
14166,1513,1503.136
14174,1508,1503.953
14180,1522,1504.578
14181,1513,1504.673
14186,1515,1505.150
14198,1525,1506.295
14199,1509,1506.390
14202,1508,1506.623
14209,1540,1507.291
14217,1512,1507.947
14229,1511,1509.091
14233,1517,1509.419
14240,1516,1510.034
14241,1539,1510.129
14243,1539,1510.426
14249,1515,1510.997
14250,1528,1511.093
14252,1514,1511.389
14262,1533,1512.236
14271,1529,1512.988
14274,1516,1513.168
14279,1514,1513.591
14280,1522,1513.686
14291,1516,1514.681
14302,1542,1515.675
14308,1518,1516.300
14310,1531,1516.384
14311,1530,1516.479
14317,1523,1516.944
14323,1552,1517.674
14326,1518,1517.907
14331,1533,1518.330
14333,1525,1518.520
14341,1524,1519.335
14347,1527,1519.959
14361,1538,1521.079
14365,1527,1521.407
14371,1543,1522.083
14377,1537,1522.548
14379,1529,1522.685
14385,1550,1523.203
14391,1526,1523.986
14395,1556,1524.313
14398,1535,1524.545
14402,1556,1525.032
14410,1539,1525.740
14429,1552,1527.706
14436,1530,1528.372
14444,1544,1529.186
14447,1551,1529.577
14449,1541,1529.873
14463,1541,1531.099
14467,1545,1531.427
14468,1554,1531.522
14471,1546,1531.807
14477,1555,1532.325
14478,1534,1532.420
14479,1537,1532.621
14480,1548,1532.663
14487,1537,1533.329
14496,1541,1534.238
14502,1540,1534.808
14512,1540,1535.653
14523,1559,1536.699
14529,1538,1537.216
14530,1546,1537.312
14538,1549,1538.178
14542,1546,1538.558
14546,1543,1539.044
14554,1556,1539.963
14558,1545,1540.450
14559,1541,1540.545
14568,1559,1541.401
14570,1558,1541.591
14577,1545,1542.151
14585,1547,1542.859
14590,1558,1543.228
14591,1564,1543.429
14593,1552,1543.725
14594,1554,1543.820
14610,1551,1545.077
14623,1554,1546.312
14626,1552,1546.544
14628,1552,1546.840
14631,1553,1547.231
14638,1564,1547.949
14645,1569,1548.667
14649,1574,1548.994
14652,1574,1549.227
14653,1560,1549.427
14655,1555,1549.565
14657,1563,1549.860
14658,1563,1549.955
14664,1564,1550.473
14667,1570,1550.705
14673,1571,1551.275
14686,1567,1552.563
14692,1558,1553.081
14696,1563,1553.355
14697,1555,1553.450
14705,1557,1554.157
14710,1589,1554.632
14725,1558,1556.162
14742,1570,1557.935
14743,1569,1558.030
14754,1574,1559.234
14756,1568,1559.424
14761,1566,1560.005
14767,1585,1560.575
14768,1574,1560.617
14772,1564,1561.103
14791,1586,1562.908
14796,1581,1563.331
14801,1589,1563.859
14814,1577,1565.094
14822,1567,1565.854
14832,1598,1566.962
14844,1590,1568.050
14846,1582,1568.240
14850,1573,1568.620
14852,1584,1568.915
14854,1581,1569.105
14858,1573,1569.432
14860,1596,1569.622
14866,1615,1570.140
14873,1598,1570.963
14874,1586,1571.058
14886,1594,1572.145
14899,1580,1573.645
14901,1586,1573.782
14906,1586,1574.257
14915,1588,1575.059
14918,1596,1575.239
14921,1600,1575.523
14932,1580,1576.674
14937,1579,1577.043
14938,1600,1577.138
14940,1588,1577.328
14941,1593,1577.423
14943,1636,1577.613
14946,1582,1577.898
14948,1586,1578.193
14949,1585,1578.288
14950,1585,1578.383
14954,1588,1578.869
14967,1582,1580.051
14974,1617,1580.769
14977,1587,1581.054
14979,1587,1581.191
14995,1593,1582.710
14997,1597,1582.900
14998,1616,1582.995
15000,1585,1583.185
15018,1593,1584.946
15027,1588,1585.748
15029,1613,1585.885
15034,1593,1586.465
15036,1588,1586.602
15037,1587,1586.697
15043,1591,1587.267
15047,1591,1587.541
15053,1592,1588.110
15056,1597,1588.289
15058,1595,1588.479
15062,1597,1588.911
15065,1595,1589.196
15067,1605,1589.333
15076,1593,1590.186
15077,1595,1590.387
15081,1604,1590.714
15092,1592,1591.863
15093,1596,1591.905
15102,1604,1592.759
15103,1600,1592.853
15104,1606,1592.948
15109,1612,1593.475
15112,1611,1593.707
15114,1596,1593.897
15118,1599,1594.276
15120,1631,1594.413
15122,1602,1594.708
15132,1603,1595.657
15148,1600,1597.227
15151,1625,1597.617
15155,1603,1597.944
15158,1607,1598.176
15163,1616,1598.650
15164,1605,1598.745
15166,1611,1598.935
15180,1604,1600.262
15184,1615,1600.589
15186,1621,1600.779
15191,1630,1601.358
15195,1610,1601.737
15202,1606,1602.454
15205,1611,1602.738
15211,1606,1603.307
15219,1662,1604.066
15227,1612,1604.877
15229,1631,1605.067
15246,1610,1606.679
15255,1649,1607.427
15257,1623,1607.616
15260,1626,1607.953
15262,1618,1608.143
15266,1617,1608.575
15272,1621,1609.302
15282,1626,1610.197
15284,1624,1610.387
15294,1617,1611.493
15296,1614,1611.630
15303,1618,1612.399
15310,1621,1613.168
15314,1619,1613.653
15316,1624,1613.790
15319,1619,1614.127
15320,1635,1614.222
15323,1625,1614.454
15324,1620,1614.496
15327,1623,1614.781
15332,1626,1615.413
15336,1620,1615.740
15338,1640,1615.877
15339,1633,1615.972
15346,1626,1616.583
15354,1628,1617.289
15366,1620,1618.532
15368,1645,1618.721
15380,1627,1620.017
15387,1626,1620.681
15392,1627,1621.208
15393,1645,1621.303
15396,1623,1621.587
15399,1656,1621.872
15402,1631,1622.209
15411,1626,1622.957
15413,1635,1623.252
15414,1626,1623.294
15415,1633,1623.389
15421,1636,1623.853
15426,1631,1624.222
15448,1646,1626.359
15474,1629,1628.982
15476,1634,1629.172
15485,1659,1629.972
15487,1639,1630.162
15492,1632,1630.530
15493,1635,1630.730
15497,1639,1631.215
15499,1643,1631.404
15501,1640,1631.594
15505,1637,1631.973
15506,1635,1632.015
15507,1647,1632.110
15508,1649,1632.205
15518,1688,1633.152
15528,1637,1634.100
15560,1654,1637.131
15566,1654,1637.647
15587,1649,1639.688
15590,1653,1639.867
15595,1643,1640.236
15596,1664,1640.278
15604,1644,1641.140
15615,1681,1642.129
15624,1652,1642.929
15626,1661,1643.066
15638,1647,1644.096
15642,1664,1644.580
15646,1718,1645.064
15650,1672,1645.653
15656,1655,1646.168
15659,1654,1646.400
15663,1660,1646.779
15668,1649,1647.252
15673,1649,1647.830
15694,1654,1649.871
15698,1668,1650.092
15702,1663,1650.471
15725,1667,1652.648
15727,1673,1652.942
15746,1666,1654.951
15754,1658,1655.813
15755,1680,1655.855
15763,1671,1656.613
15765,1664,1656.749
15767,1663,1657.044
15770,1671,1657.275
15783,1671,1658.453
15790,1686,1659.168
15796,1680,1659.789
15799,1663,1660.178
15802,1667,1660.409
15817,1688,1662.040
15838,1667,1663.870
15839,1670,1663.965
15840,1676,1664.059
15846,1665,1664.575
15852,1688,1665.090
15853,1668,1665.185
15860,1669,1665.899
15874,1681,1667.014
15880,1685,1667.634
15889,1685,1668.695
15910,1688,1670.734
15914,1713,1671.218
15915,1687,1671.312
15924,1683,1672.269
15934,1698,1673.163
15943,1687,1674.014
15944,1682,1674.109
15948,1690,1674.435
15954,1677,1674.950
15956,1726,1675.139
15958,1701,1675.328
15980,1702,1677.672
15983,1679,1677.903
15988,1682,1678.324
15992,1700,1678.755
15994,1679,1678.944
16003,1686,1679.795
16007,1684,1680.226
16028,1722,1682.002
16031,1710,1682.181
16037,1683,1682.800
16047,1712,1683.588
16066,1690,1685.541
16068,1696,1685.835
16077,1691,1686.791
16080,1699,1687.022
16088,1691,1687.831
16090,1689,1688.020
16101,1711,1689.060
16103,1690,1689.354
16124,1703,1691.287
16132,1697,1691.991
16139,1693,1692.757
16141,1701,1693.051
16142,1705,1693.146
16149,1696,1693.702
16154,1730,1694.070
16159,1697,1694.543
16160,1699,1694.585
16167,1719,1695.141
16168,1699,1695.236
16170,1698,1695.372
16180,1706,1696.212
16186,1727,1696.726
16189,1722,1697.167
16192,1734,1697.398
16201,1703,1698.300
16203,1707,1698.489
16213,1702,1699.276
16222,1708,1700.073
16239,1703,1701.888
16244,1707,1702.360
16252,1704,1703.063
16256,1729,1703.493
16260,1721,1703.871
16275,1711,1705.340
16284,1710,1706.032
16286,1720,1706.169
16287,1707,1706.263
16289,1734,1706.399
16290,1720,1706.494
16294,1720,1706.819
16298,1727,1707.196
16302,1724,1707.626
16307,1717,1707.993
16321,1712,1709.314
16335,1716,1710.634
16336,1735,1710.728
16340,1715,1711.210
16356,1750,1712.615
16365,1722,1713.568
16369,1733,1714.050
16383,1736,1715.423
16388,1726,1715.842
16391,1720,1716.021
16396,1735,1716.440
16400,1730,1716.712
16405,1758,1717.131
16407,1722,1717.320
16408,1722,1717.414
16431,1722,1719.792
16435,1748,1720.221
16450,1727,1721.688
16456,1725,1722.358
16469,1745,1723.427
16479,1734,1724.370
16480,1749,1724.464
16484,1735,1724.893
16488,1745,1725.323
16498,1759,1726.213
16505,1730,1726.820
16507,1732,1726.957
16510,1775,1727.239
16524,1732,1728.454
16532,1743,1729.260
16535,1731,1729.490
16551,1768,1730.945
16552,1751,1731.039
16561,1736,1731.939
16565,1739,1732.316
16567,1745,1732.609
16570,1734,1732.892
16572,1746,1733.080
16580,1741,1733.781
16582,1770,1733.970
16586,1762,1734.346
16593,1739,1734.901
16594,1738,1734.995
16600,1751,1735.456
16603,1740,1735.790
16611,1739,1736.544
16628,1748,1738.196
16633,1760,1738.876
16634,1776,1738.970
16635,1773,1739.064
16642,1743,1739.724
16650,1770,1740.425
16654,1750,1740.906
16657,1745,1741.241
16674,1743,1742.737
16679,1754,1743.103
16701,1779,1745.331
16715,1781,1746.597
16720,1798,1747.067
16721,1748,1747.161
16724,1760,1747.444
16725,1753,1747.538
16731,1764,1748.103
16737,1750,1748.615
16738,1751,1748.709
16740,1750,1748.845
16746,1762,1749.410
16748,1763,1749.702
16760,1751,1750.832
16771,1760,1751.867
16781,1760,1752.703
16783,1764,1752.891
16792,1763,1753.686
16803,1767,1754.511
16809,1764,1754.919
16813,1775,1755.347
16822,1767,1756.036
16832,1789,1757.237
16839,1765,1757.843
16840,1770,1757.937
16844,1782,1758.418
16863,1779,1760.047
16876,1763,1761.216
16893,1764,1762.918
16912,1772,1764.703
16917,1770,1765.069
16919,1769,1765.257
16925,1766,1765.873
16941,1775,1767.532
16942,1778,1767.626
16955,1779,1768.796
16965,1779,1769.735
16970,1778,1770.100
16981,1776,1771.290
16983,1777,1771.426
16997,1783,1772.950
17001,1779,1773.273
17006,1783,1773.743
17020,1815,1774.954
17021,1789,1775.152
17040,1787,1777.145
17050,1798,1778.294
17077,1784,1780.778
17081,1796,1781.050
17086,1804,1781.467
17088,1808,1781.655
17091,1803,1781.885
17095,1784,1782.365
17099,1803,1782.845
17118,1803,1784.629
17128,1787,1785.621
17136,1805,1786.163
17140,1800,1786.643
17144,1814,1786.967
17146,1789,1787.155
17147,1795,1787.249
17151,1801,1787.468
17153,1800,1787.655
17162,1795,1788.500
17173,1808,1789.533
17190,1801,1791.076
17194,1814,1791.556
17198,1816,1791.931
17204,1800,1792.546
17213,1809,1793.547
17216,1810,1793.777
17221,1796,1794.194
17235,1816,1795.456
17239,1796,1795.935
17240,1818,1796.029
17241,1801,1796.071
17255,1815,1797.176
17260,1813,1797.645
17272,1799,1798.667
17294,1821,1800.782
17301,1802,1801.438
17304,1815,1801.667
17305,1819,1801.761
17314,1825,1802.553
17318,1822,1802.980
17325,1823,1803.636
17331,1806,1804.303
17343,1809,1805.428
17349,1810,1805.939
17357,1824,1806.741
17360,1812,1807.074
17374,1816,1808.230
17380,1811,1808.793
17395,1812,1810.511
17414,1829,1812.293
17416,1821,1812.480
17417,1819,1812.678
17438,1816,1814.543
17439,1823,1814.637
17446,1822,1815.345
17449,1824,1815.678
17456,1832,1816.282
17463,1858,1816.886
17473,1826,1817.980
17479,1839,1818.594
17481,1851,1818.678
17487,1842,1819.344
17494,1872,1820.157
17502,1845,1821.011
17516,1857,1822.324
17524,1828,1823.178
17529,1837,1823.491
17549,1835,1825.209
17550,1874,1825.303
17553,1826,1825.636
17556,1839,1825.866
17562,1843,1826.376
17563,1843,1826.470
17565,1827,1826.605
17571,1839,1827.219
17575,1831,1827.646
17579,1835,1828.021
17597,1852,1829.864
17600,1833,1830.197
17601,1834,1830.290
17622,1836,1832.258
17630,1836,1833.112
17633,1852,1833.341
17635,1854,1833.529
17647,1851,1834.497
17655,1839,1835.195
17660,1850,1835.819
17673,1866,1836.985
17675,1859,1837.172
17680,1840,1837.588
17682,1843,1837.828
17690,1847,1838.629
17702,1847,1839.649
17706,1850,1839.972
17708,1844,1840.263
17721,1852,1841.429
17728,1846,1841.980
17730,1845,1842.219
17739,1846,1843.166
17756,1850,1844.810
17763,1877,1845.465
17767,1846,1845.736
17773,1854,1846.193
17786,1855,1847.410
17787,1853,1847.504
17792,1895,1848.180
17796,1875,1848.450
17798,1850,1848.585
17820,1872,1850.644
17821,1866,1850.738
17831,1875,1851.778
17848,1859,1853.472
17866,1865,1855.261
17870,1866,1855.635
17907,1884,1858.993
17908,1861,1859.087
17909,1863,1859.284
17912,1861,1859.669
17931,1868,1861.499
17956,1887,1863.682
17958,1885,1863.973
17964,1867,1864.586
17968,1866,1864.909
17971,1866,1865.293
17974,1875,1865.574
17989,1901,1867.185
17991,1876,1867.320
17998,1924,1867.923
18022,1874,1869.961
18032,1875,1870.844
18037,1874,1871.208
18049,1905,1872.642
18051,1888,1872.829
18052,1882,1872.922
18060,1928,1873.670
18062,1877,1873.961
18067,1881,1874.377
18069,1890,1874.512
18088,1890,1876.289
18097,1880,1877.235
18099,1878,1877.422
18102,1892,1877.702
18116,1926,1878.856
18133,1890,1880.808
18137,1888,1881.131
18139,1893,1881.266
18149,1887,1882.305
18150,1915,1882.398
18151,1910,1882.492
18154,1890,1882.721
18156,1892,1882.856
18177,1888,1884.716
18180,1933,1884.996
18192,1887,1886.222
18199,1893,1886.928
18202,1906,1887.209
18210,1891,1887.957
18211,1902,1888.154
18225,1903,1889.566
18232,1892,1890.273
18237,1921,1890.689
18239,1907,1890.824
18266,1917,1893.400
18270,1899,1893.826
18292,1899,1895.831
18295,1912,1896.059
18298,1909,1896.340
18299,1907,1896.382
18304,1908,1896.901
18313,1905,1898.053
18314,1908,1898.095
18325,1907,1899.019
18342,1908,1900.609
18347,1913,1901.024
18368,1919,1902.987
18372,1904,1903.412
18380,1919,1904.160
18383,1906,1904.389
18400,1907,1905.821
18407,1948,1906.527
18431,1924,1908.769
18440,1921,1909.714
18441,1910,1909.807
18446,1918,1910.326
18455,1918,1911.167
18458,1932,1911.499
18463,1917,1911.966
18466,1918,1912.143
18477,1923,1913.067
18480,1917,1913.347
18494,1916,1914.758
18511,1923,1916.190
18513,1917,1916.377
18520,1928,1917.083
18525,1925,1917.705
18534,1931,1918.442
18540,1953,1919.106
18541,1925,1919.302
18551,1938,1920.133
18553,1924,1920.423
18555,1937,1920.610
18562,1926,1921.160
18572,1927,1922.042
18586,1938,1923.349
18592,1931,1923.961
18599,1938,1924.614
18604,1943,1925.029
18608,1931,1925.351
18609,1958,1925.444
18625,1933,1926.938
18627,1930,1927.073
18640,1936,1928.286
18645,1956,1928.752
18659,1945,1929.903
18662,1948,1930.234
18673,1934,1931.260
18686,1960,1932.370
18691,1934,1932.887
18699,1943,1933.582
18707,1944,1934.380
18709,1938,1934.566
18731,1944,1936.721
18741,1981,1937.602
18760,1941,1939.373
18765,1952,1939.788
18775,1943,1940.668
18777,1973,1940.855
18785,1944,1941.445
18789,1946,1941.818
18795,1956,1942.377
18808,1960,1943.744
18810,1970,1943.878
18820,1961,1944.759
18825,1962,1945.121
18834,1951,1945.856
18841,1952,1946.611
18847,1948,1947.067
18849,1952,1947.202
18863,1949,1948.557
18870,1978,1949.312
18871,1957,1949.405
18908,1973,1952.644
18920,1980,1954.122
18922,1963,1954.309
18944,1983,1956.047
18945,1965,1956.140
18968,1970,1958.384
18989,1961,1960.338
18994,1963,1960.752
19000,1972,1961.155
19011,1985,1962.333
19016,1995,1962.902
19019,1968,1963.129
19031,1965,1964.246
19040,1984,1965.134
19048,1975,1965.827
19057,1975,1966.716
19060,1976,1966.943
19062,1983,1967.129
19081,1970,1969.206
19101,1979,1970.861
19103,1973,1971.047
19113,1988,1971.925
19114,1977,1972.018
19119,1987,1972.328
19133,1980,1973.682
19166,1982,1976.646
19171,1978,1977.111
19183,1989,1978.381
19207,1991,1980.560
19220,1996,1982.026
19230,1989,1982.697
19251,1985,1984.907
19263,1992,1986.125
19280,1993,1987.757
19281,2005,1987.850
19294,1999,1989.058
19310,1991,1990.545
19312,1991,1990.731
19318,2000,1991.237
19322,2011,1991.660
19348,1994,1993.870
19349,2005,1993.911
19352,2008,1994.190
19354,2007,1994.324
19361,2000,1994.819
19363,1999,1995.005
19365,2015,1995.139
19385,2035,1997.099
19387,2023,1997.388
19395,2010,1998.131
19403,2008,1998.925
19415,2015,1999.988
19429,2010,2001.648
19441,2014,2002.814
19442,2020,2002.907
19443,2008,2003.000
19446,2006,2003.227
19453,2008,2003.929
19459,2011,2004.538
19462,2009,2004.713
19470,2021,2005.611
19478,2019,2006.509
19486,2029,2007.252
19494,2033,2008.047
19500,2010,2008.553
19503,2060,2008.935
19511,2022,2009.678
19512,2013,2009.771
19527,2016,2011.010
19532,2012,2011.577
19536,2025,2011.949
19549,2019,2013.208
19551,2027,2013.342
19552,2036,2013.435
19560,2018,2014.229
19561,2031,2014.322
19575,2022,2015.623
19596,2037,2017.522
19597,2058,2017.718
19605,2024,2018.461
19614,2026,2019.245
19615,2029,2019.338
19626,2040,2020.153
19629,2032,2020.432
19666,2053,2023.711
19667,2027,2023.804
19675,2043,2024.443
19685,2033,2025.320
19692,2037,2025.969
19695,2032,2026.247
19698,2027,2026.577
19707,2030,2027.463
19709,2061,2027.700
19711,2034,2027.886
19727,2060,2029.422
19728,2031,2029.514
19739,2040,2030.586
19747,2042,2031.328
19760,2041,2032.586
19764,2049,2033.060
19772,2051,2033.750
19779,2048,2034.451
19785,2073,2034.905
19800,2048,2036.348
19802,2062,2036.636
19807,2053,2037.048
19814,2041,2037.697
19832,2069,2039.367
19834,2043,2039.501
19869,2049,2042.901
19870,2090,2042.994
19880,2054,2043.818
19893,2050,2045.126
19912,2049,2046.734
19915,2059,2047.012
19929,2053,2048.309
19935,2095,2048.763
19941,2081,2049.319
19943,2065,2049.453
19946,2091,2049.731
19975,2085,2052.675
19985,2060,2053.602
19987,2055,2053.787
19989,2060,2053.921
19993,2073,2054.446
20036,2066,2058.586
20041,2066,2059.049
20042,2086,2059.142
20045,2064,2059.369
20053,2062,2060.213
20070,2064,2061.686
20072,2078,2061.974
20081,2080,2062.654
20091,2067,2063.580
20095,2067,2063.899
20100,2071,2064.311
20108,2084,2065.207
20146,2129,2068.882
20173,2122,2071.744
20177,2087,2072.166
20187,2081,2073.092
20194,2075,2073.690
20199,2087,2074.153
20215,2085,2075.585
20236,2082,2077.685
20248,2084,2078.642
20253,2095,2079.106
20262,2094,2079.991
20269,2119,2080.639
20274,2083,2081.051
20280,2086,2081.555
20297,2087,2083.181
20305,2122,2083.820
20310,2085,2084.283
20322,2089,2085.240
20337,2098,2086.936
20339,2088,2087.122
20355,2113,2088.706
20376,2097,2090.856
20382,2104,2091.310
20405,2095,2093.594
20417,2123,2094.705
20438,2108,2096.496
20448,2138,2097.473
20449,2122,2097.566
20457,2130,2098.255
20464,2121,2098.852
20488,2110,2101.124
20510,2106,2103.212
20529,2146,2104.817
20534,2107,2105.382
20538,2108,2105.701
20553,2118,2107.345
20559,2120,2107.798
20569,2132,2108.775
20577,2123,2109.361
20595,2122,2110.873
20601,2147,2111.428
20605,2170,2111.798
20608,2117,2112.024
20611,2133,2112.352
20629,2154,2113.863
20657,2120,2116.452
20666,2118,2117.335
20675,2136,2118.065
20680,2132,2118.476
20683,2127,2118.856
20696,2125,2120.006
20699,2123,2120.232
20712,2128,2121.434
20726,2133,2122.830
20741,2125,2124.216
20754,2129,2125.725
20778,2160,2127.943
20784,2139,2128.498
20795,2137,2129.566
20813,2141,2131.025
20825,2144,2131.980
20828,2141,2132.257
20839,2168,2133.171
20844,2148,2133.530
20877,2141,2136.731
20886,2147,2137.511
20887,2149,2137.706
20922,2166,2141.092
20936,2161,2142.333
20944,2168,2143.072
20947,2144,2143.400
20964,2150,2144.970
20965,2166,2145.062
20993,2184,2147.442
21014,2155,2149.432
21023,2160,2150.518
21031,2171,2151.308
21036,2184,2151.667
21045,2175,2152.396
21058,2154,2153.545
21073,2158,2155.134
21080,2170,2155.729
21082,2159,2155.913
21090,2199,2156.601
21112,2179,2158.528
21120,2168,2159.164
21131,2194,2160.230
21144,2165,2161.532
21150,2179,2162.085
21151,2189,2162.178
21153,2165,2162.311
21156,2179,2162.588
21163,2179,2163.387
21174,2184,2164.351
21178,2165,2164.720
21197,2173,2166.677
21205,2194,2167.211
21212,2171,2167.959
21234,2191,2169.784
21252,2177,2171.341
21254,2183,2171.475
21263,2175,2172.304
21286,2188,2174.527
21297,2190,2175.439
21300,2195,2175.715
21335,2181,2179.095
21336,2219,2179.187
21347,2182,2180.252
21362,2187,2181.379
21364,2182,2181.512
21365,2187,2181.604
21368,2215,2181.830
21375,2186,2182.372
21384,2197,2183.457
21390,2190,2183.959
21416,2191,2186.508
21421,2188,2186.968
21431,2189,2187.736
21457,2208,2190.132
21463,2245,2190.633
21466,2195,2190.858
21478,2211,2191.912
21485,2203,2192.557
21503,2226,2194.572
21505,2213,2194.756
21508,2215,2194.981
21509,2196,2195.022
21515,2202,2195.575
21518,2210,2195.902
21525,2200,2196.649
21536,2208,2197.662
21564,2220,2200.394
21572,2202,2201.182
21598,2219,2203.679
21607,2211,2204.610
21610,2226,2204.886
21616,2214,2205.592
21619,2208,2205.920
21623,2220,2206.288
21624,2218,2206.380
21628,2211,2206.749
21641,2213,2207.793
21654,2222,2209.144
21677,2214,2211.263
21679,2213,2211.447
21695,2253,2212.972
21721,2228,2215.264
21739,2242,2217.126
21774,2222,2220.451
21803,2237,2223.121
21807,2226,2223.388
21813,2241,2223.889
21823,2231,2224.963
21830,2242,2225.454
21833,2231,2225.730
21856,2270,2228.001
21858,2273,2228.134
21862,2240,2228.553
21873,2271,2229.770
21888,2262,2231.100
21889,2237,2231.192
21902,2234,2232.185
21903,2262,2232.277
21914,2251,2233.391
21927,2244,2234.537
21928,2239,2234.629
21942,2273,2236.070
21954,2239,2237.175
21975,2247,2239.006
21986,2243,2239.916
21988,2261,2240.100
22000,2244,2241.255
22003,2260,2241.633
22017,2256,2242.819
22027,2244,2243.739
22028,2248,2243.831
22030,2256,2243.964
22041,2261,2245.231
22073,2254,2248.174
22085,2254,2249.278
22086,2253,2249.370
22097,2254,2250.484
22114,2253,2252.048
22120,2257,2252.600
22123,2258,2252.978
22132,2287,2253.755
22149,2258,2255.217
22152,2260,2255.493
22167,2262,2257.179
22208,2264,2260.900
22210,2270,2261.084
22221,2268,2262.096
22225,2268,2262.413
22248,2298,2264.528
22252,2270,2264.845
22267,2278,2266.122
22269,2282,2266.255
22297,2276,2269.186
22322,2290,2271.434
22346,2281,2273.487
22368,2281,2275.509
22370,2289,2275.744
22400,2281,2278.501
22416,2296,2279.972
22428,2323,2280.922
22430,2300,2281.105
22436,2303,2281.707
22442,2310,2282.309
22445,2288,2282.534
22453,2311,2283.422
22471,2287,2284.974
22481,2294,2285.841
22492,2297,2286.852
22504,2289,2287.954
22506,2299,2288.087
22514,2318,2288.923
22518,2296,2289.291
22533,2295,2290.668
22535,2323,2290.852
22550,2297,2292.433
22561,2295,2293.341
22565,2295,2293.607
22611,2309,2297.780
22618,2314,2298.474
22623,2300,2299.085
22624,2304,2299.177
22650,2311,2301.615
22686,2307,2304.818
22697,2306,2305.929
22705,2322,2306.714
22711,2323,2307.316
22718,2313,2307.958
22720,2323,2308.091
22725,2326,2308.652
22736,2333,2309.763
22747,2325,2310.875
22755,2337,2311.609
22773,2367,2313.211
22788,2326,2314.740
22816,2324,2317.260
22826,2321,2318.229
22833,2321,2318.770
22841,2324,2319.402
22857,2327,2320.820
22862,2324,2321.482
22873,2334,2322.542
22900,2344,2324.867
22906,2338,2325.519
22920,2335,2326.600
22933,2333,2327.793
22945,2330,2328.995
22953,2359,2329.678
22969,2348,2331.349
22972,2341,2331.573
22973,2332,2331.766
22974,2352,2331.807
22986,2333,2332.756
22999,2360,2333.948
23015,2345,2335.517
23021,2348,2336.270
23022,2346,2336.362
23040,2344,2338.114
23047,2348,2338.756
23048,2344,2338.848
23121,2347,2345.749
23130,2349,2346.523
23132,2363,2346.808
23134,2350,2346.992
23137,2358,2347.165
23158,2362,2348.990
23180,2356,2351.109
23195,2367,2352.535
23213,2363,2354.490
23220,2358,2355.031
23222,2377,2355.214
23247,2376,2357.304
23252,2376,2357.813
23279,2377,2360.237
23301,2369,2362.304
23321,2365,2364.138
23333,2370,2365.339
23357,2376,2367.488
23358,2373,2367.580
23368,2378,2368.395
23386,2376,2369.993
23389,2399,2370.268
23402,2372,2371.561
23409,2427,2371.999
23414,2399,2372.407
23423,2386,2373.282
23445,2390,2375.145
23449,2386,2375.612
23454,2396,2376.019
23458,2406,2376.386
23463,2377,2376.894
23467,2378,2377.210
23470,2378,2377.485
23473,2379,2377.861
23476,2388,2378.135
23481,2415,2378.542
23492,2400,2379.550
23501,2382,2380.374
23515,2458,2381.706
23521,2408,2382.204
23536,2386,2383.527
23583,2430,2388.083
23586,2404,2388.357
23618,2402,2391.490
23630,2422,2392.841
23638,2409,2393.625
23658,2397,2395.101
23668,2428,2396.118
23671,2411,2396.545
23680,2401,2397.369
23691,2409,2398.477
23697,2406,2398.925
23699,2413,2399.108
23702,2426,2399.383
23705,2402,2399.607
23708,2411,2399.831
23715,2408,2400.370
23742,2408,2402.942
23762,2441,2404.874
23771,2426,2405.647
23786,2413,2407.020
23812,2422,2409.348
23826,2423,2410.680
23844,2431,2412.479
23853,2424,2413.201
23885,2433,2416.230
23893,2421,2417.063
23897,2440,2417.379
23924,2503,2419.950
23947,2424,2422.004
23973,2427,2424.281
23983,2431,2425.297
24012,2442,2428.000
24015,2459,2428.224
24025,2452,2429.290
24036,2433,2430.347
24049,2446,2431.637
24063,2434,2432.867
24068,2452,2433.274
24069,2456,2433.366
24081,2447,2434.564
24089,2436,2435.347
24116,2444,2438.221
24117,2451,2438.313
24129,2473,2439.360
24142,2445,2440.651
24155,2449,2441.840
24212,2454,2447.055
24234,2451,2449.118
24254,2482,2450.947
24269,2460,2452.117
24272,2462,2452.341
24286,2457,2453.621
24288,2455,2453.804
24326,2471,2457.024
24333,2467,2457.715
24360,2474,2460.232
24370,2490,2461.045
24374,2470,2461.613
24386,2471,2462.608
24399,2487,2463.695
24408,2466,2464.517
24414,2474,2465.065
24434,2467,2466.892
24449,2471,2468.313
24458,2476,2469.085
24466,2479,2469.815
24481,2487,2471.387
24487,2478,2471.885
24497,2481,2472.697
24512,2481,2474.118
24523,2491,2475.021
24529,2486,2475.620
24544,2491,2476.989
24556,2495,2478.186
24557,2483,2478.277
24572,2481,2479.546
24575,2482,2479.820
24578,2493,2480.043
24628,2490,2484.405
24643,2493,2485.723
24686,2503,2489.646
24695,2496,2490.518
24736,2495,2494.106
24763,2511,2496.568
24794,2531,2499.394
24801,2510,2500.033
24810,2501,2500.903
24831,2537,2502.717
24852,2505,2504.732
24891,2509,2508.236
24896,2529,2508.591
24913,2512,2510.040
24930,2514,2511.740
24943,2524,2512.924
24967,2525,2515.111
24978,2525,2516.113
24982,2517,2516.578
24985,2528,2516.852
24997,2522,2517.945
25047,2526,2522.348
25052,2524,2522.753
25073,2530,2524.565
25114,2531,2528.298
25122,2536,2529.177
25123,2539,2529.268
25128,2557,2529.824
25136,2542,2530.402
25172,2537,2533.830
25197,2546,2536.056
25207,2538,2536.916
25222,2578,2538.230
25238,2540,2539.787
25259,2543,2541.850
25265,2556,2542.446
25302,2548,2545.461
25342,2568,2549.352
25348,2552,2549.999
25367,2556,2551.929
25373,2555,2552.525
25390,2559,2553.871
25404,2578,2555.195
25406,2578,2555.377
25417,2569,2556.479
25424,2563,2557.115
25437,2567,2558.147
25449,2577,2559.339
25485,2577,2562.766
25499,2565,2563.939
25504,2578,2564.343
25509,2586,2564.798
25548,2597,2568.345
25575,2615,2570.649
25610,2578,2574.183
25612,2610,2574.365
25647,2605,2577.597
25668,2584,2579.607
25669,2585,2579.698
25687,2582,2581.285
25692,2587,2581.689
25742,2588,2586.083
25772,2603,2588.910
25791,2646,2590.436
25805,2603,2591.859
25829,2613,2593.889
25870,2601,2597.663
25886,2621,2599.066
25895,2610,2599.934
25901,2612,2600.379
25903,2606,2600.661
25932,2623,2603.294
25935,2606,2603.567
25937,2605,2603.749
25957,2617,2605.666
25999,2618,2609.530
26034,2630,2612.758
26066,2636,2615.664
26105,2627,2619.003
26106,2624,2619.094
26111,2628,2619.699
26124,2642,2620.979
26152,2630,2623.320
26188,2631,2626.838
26195,2650,2627.423
26202,2646,2628.058
26215,2632,2629.439
26230,2642,2630.750
26233,2637,2631.022
26263,2635,2634.046
26307,2647,2637.838
26336,2648,2640.520
26462,2697,2652.202
26495,2673,2655.045
26531,2697,2658.360
26541,2706,2659.267
26550,2682,2659.882
26562,2664,2661.070
26631,2682,2667.124
26644,2686,2668.302
26665,2678,2670.105
26670,2686,2670.658
26673,2691,2670.930
26690,2692,2672.570
26721,2693,2675.680
26790,2703,2682.235
26807,2695,2683.626
26820,2690,2684.653
26840,2689,2686.616
26841,2696,2686.706
26844,2691,2686.978
26881,2695,2690.531
26882,2694,2690.621
26911,2711,2693.249
26915,2698,2693.561
26969,2702,2698.454
27014,2708,2702.580
27029,2721,2703.888
27032,2712,2704.260
27041,2717,2705.025
27111,2722,2711.815
27114,2714,2712.087
27152,2730,2715.479
27228,2724,2721.859
27265,2738,2725.257
27288,2728,2727.438
27317,2731,2729.812
27327,2735,2730.667
27393,2740,2736.436
27398,2741,2736.988
27428,2740,2739.800
27429,2746,2739.891
27482,2793,2744.832
27490,2754,2745.556
27492,2756,2745.686
27555,2761,2751.431
27569,2758,2752.596
27575,2760,2753.089
27596,2793,2755.086
27645,2786,2759.313
27719,2774,2766.097
27743,2786,2768.464
27757,2772,2769.828
27760,2785,2770.099
27777,2792,2771.785
27781,2773,2772.246
27793,2775,2773.480
27796,2795,2773.701
27835,2793,2777.325
27840,2795,2777.676
27872,2786,2780.468
27910,2796,2783.800
27926,2796,2785.195
27951,2803,2787.502
27953,2841,2787.782
27986,2792,2790.762
27993,2795,2791.344
28022,2802,2794.012
28083,2845,2799.569
28084,2803,2799.659
28115,2809,2802.707
28148,2813,2805.486
28171,2851,2807.612
28196,2845,2809.818
28215,2819,2811.582
28219,2828,2811.993
28232,2838,2813.166
28253,2845,2814.712
28255,2818,2814.842
28261,2826,2815.333
28281,2819,2817.137
28296,2871,2818.589
28305,2879,2819.351
28310,2847,2820.001
28320,2830,2820.903
28359,2847,2824.220
28374,2828,2825.423
28391,2837,2826.856
28425,2835,2830.020
28449,2855,2832.332
28462,2836,2833.305
28524,2878,2838.891
28538,2849,2840.103
28579,2871,2844.095
28586,2866,2844.626
28640,2876,2849.740
28676,2871,2853.233
28678,2923,2853.413
28722,2895,2857.428
28729,2865,2858.208
28736,2863,2858.789
28763,2862,2861.321
28830,2898,2867.408
28857,2880,2869.741
28858,2875,2869.831
28869,2890,2870.822
28900,2902,2873.515
28949,2902,2878.077
28956,2927,2878.657
28977,2895,2880.449
29014,2885,2883.730
29031,2892,2885.410
29130,2895,2893.972
29132,2930,2894.251
29150,2940,2896.020
29190,2901,2899.619
29211,2906,2901.657
29223,2914,2902.687
29237,2911,2903.947
29304,2919,2910.024
29353,2933,2914.531
29365,2916,2915.610
29401,2925,2918.996
29454,2971,2924.062
29485,2950,2926.751
29489,2963,2927.061
29533,2941,2930.818
29555,2933,2932.647
29576,2958,2934.584
29577,2952,2934.674
29643,2963,2940.606
29652,2946,2941.414
29690,2948,2944.879
29714,2972,2946.737
29775,2997,2952.265
29783,2956,2952.835
29789,2988,2953.473
29813,2971,2955.479
29876,2964,2961.135
29879,2965,2961.503
29972,2970,2969.900
29999,2991,2972.273
30016,3012,2973.848
30051,2983,2976.790
30054,2978,2977.009
30056,2984,2977.189
30069,2999,2978.305
30077,2982,2979.072
30084,2999,2979.551
30092,3012,2980.467
30115,2987,2982.777
30127,2988,2983.903
30151,3013,2986.106
30153,3007,2986.285
30165,3016,2987.362
30197,2999,2990.380
30209,2994,2991.457
30224,3017,2992.852
30248,2997,2994.955
30284,2999,2998.382
30313,3029,3000.983
30324,3040,3001.969
30337,3036,3003.036
30345,3013,3003.753
30390,3041,3007.590
30405,3011,3009.033
30425,3013,3010.776
30494,3019,3016.960
30517,3038,3019.120
30537,3028,3020.862
30541,3024,3021.320
30559,3054,3023.130
30564,3028,3023.479
30580,3026,3024.864
30595,3035,3026.257
30599,3043,3026.615
30671,3048,3033.065
30680,3046,3033.920
30694,3038,3035.125
30722,3064,3037.831
30723,3057,3037.920
30748,3054,3039.962
30933,3081,3056.723
30967,3092,3059.816
30969,3090,3059.995
31022,3095,3064.689
31132,3094,3074.532
31137,3080,3074.930
31147,3092,3076.022
31290,3096,3089.459
31330,3125,3092.989
31351,3095,3094.917
31475,3119,3105.713
31487,3143,3106.884
31510,3122,3108.842
31544,3150,3112.178
31665,3150,3123.143
31681,3155,3124.474
31690,3143,3125.279
31705,3168,3126.521
31737,3148,3129.430
31810,3138,3135.755
31902,3145,3143.626
31908,3158,3144.211
31934,3159,3146.236
31937,3150,3146.504
32005,3162,3152.769
32017,3157,3153.791
32069,3178,3158.775
32103,3167,3161.908
32166,3176,3167.431
32194,3212,3170.225
32199,3182,3170.622
32303,3206,3180.147
32392,3206,3188.482
32440,3241,3192.863
32443,3201,3193.328
32472,3221,3195.718
32541,3226,3202.120
32612,3252,3208.552
32626,3220,3209.850
32651,3226,3212.031
32653,3215,3212.308
32661,3217,3212.923
32689,3219,3215.322
32724,3225,3218.492
32732,3251,3219.206
32738,3234,3219.741
32772,3223,3222.625
32774,3234,3222.803
32838,3229,3228.558
32938,3246,3237.273
32998,3254,3242.866
33010,3253,3244.033
33047,3257,3247.330
33064,3263,3248.894
33148,3260,3256.576
33168,3262,3258.554
33181,3269,3259.712
33214,3263,3262.800
33304,3277,3270.423
33374,3294,3276.952
33393,3283,3278.742
33441,3307,3282.918
33453,3309,3283.938
33486,3305,3286.876
33487,3294,3287.063
33496,3297,3287.913
33552,3302,3292.899
33585,3328,3295.885
33654,3321,3302.519
33735,3321,3309.435
33890,3337,3323.474
33918,3328,3325.868
33922,3349,3326.174
34001,3342,3333.104
34080,3351,3340.130
34090,3369,3340.970
34100,3360,3341.859
34136,3358,3345.010
34160,3353,3347.388
34275,3363,3357.708
34459,3382,3374.208
34503,3384,3378.460
34524,3389,3380.424
34562,3410,3383.850
34569,3385,3384.423
34694,3409,3395.773
34705,3412,3396.750
34716,3404,3397.629
34822,3416,3407.338
34915,3432,3415.696
34960,3434,3419.643
34995,3425,3422.799
35098,3432,3431.745
35135,3438,3435.078
35212,3447,3441.911
35326,3455,3452.023
35346,3480,3453.797
35395,3498,3458.241
35481,3495,3465.770
35483,3479,3465.947
35593,3476,3475.943
35601,3492,3476.702
35655,3484,3481.244
35698,3492,3484.664
35866,3522,3499.492
35872,3501,3500.072
35990,3511,3510.519
36119,3533,3522.035
36322,3553,3540.288
36393,3587,3546.422
36480,3592,3553.920
36781,3587,3581.308
36794,3584,3582.604
36814,3586,3584.274
36818,3587,3584.579
36864,3596,3588.548
36922,3600,3594.063
36943,3616,3596.017
36969,3612,3598.266
37097,3628,3609.725
37304,3628,3627.522
37337,3637,3630.776
37379,3644,3634.582
37450,3642,3640.607
37486,3645,3643.687
37664,3671,3660.324
37763,3695,3668.721
37810,3682,3672.625
37862,3682,3677.260
37959,3691,3685.815
37964,3696,3686.353
38020,3715,3691.242
38035,3694,3692.564
38251,3725,3711.650
38445,3748,3728.645
38535,3742,3736.425
38786,3759,3758.811
38939,3775,3772.322
38942,3800,3772.586
38957,3778,3773.906
38971,3785,3775.234
39078,3786,3784.501
39087,3787,3785.244
39103,3788,3786.748
39104,3788,3786.836
39174,3796,3793.186
39197,3815,3795.354
39266,3803,3801.762
39323,3817,3806.726
39368,3825,3810.683
39378,3815,3811.756
39586,3852,3830.091
39590,3904,3830.394
39665,3863,3836.840
39717,3846,3841.264
39779,3867,3847.049
39787,3865,3847.704
40243,3905,3888.185
40592,3925,3918.172
40811,3946,3937.174
40813,3960,3937.446
40926,3957,3947.444
40972,3960,3951.523
41030,3979,3956.459
41049,3978,3958.220
41077,3967,3960.769
41092,4006,3962.034
41210,3993,3972.561
41342,3998,3984.217
41346,3992,3984.567
41495,4010,3997.707
41518,4008,3999.720
41526,4020,4000.565
41553,4006,4002.880
41682,4015,4014.652
41960,4063,4039.264
42083,4051,4050.363
42121,4057,4053.447
42246,4069,4064.620
42443,4111,4082.280
42530,4109,4090.178
43395,4210,4165.723
43656,4195,4188.886
43989,4222,4217.545
44544,4275,4266.884
44641,4293,4275.382
44874,4302,4295.820
45079,4314,4313.380
45099,4318,4314.929
45198,4343,4323.831
45330,4342,4335.266
45877,4401,4383.208
46130,4414,4404.806
46280,4421,4418.023
46475,4443,4434.520
46616,4465,4446.898
46766,4461,4460.007
46973,4491,4478.105
47215,4547,4498.987
47381,4524,4513.514
47641,4537,4536.036
47693,4564,4540.587
48075,4581,4573.851
48326,4618,4595.568
48350,4624,4597.644
48723,4638,4630.138
48785,4647,4635.688
49554,4710,4703.094
49695,4730,4715.176
50110,4761,4751.572
50267,4778,4765.219
50967,4835,4825.353
52144,4930,4927.891
54001,5107,5088.747
55245,5198,5195.937
56381,5306,5293.611
57081,5365,5354.654
57252,5372,5369.698
59882,5604,5595.992
60335,5637,5634.545
60674,5681,5663.084
66041,6126,6120.356
66094,6148,6124.931
67045,6206,6205.102
69510,6429,6414.118
77433,7088,7082.211
